1,Español,NATIVE_OR_BILINGUAL
2,Ingles,PROFESSIONAL_WORKING
3,Alemán,ELEMENTARY
4,Español,NATIVE_OR_BILINGUAL
5,Francés,ELEMENTARY
6,Inglés,NATIVE_OR_BILINGUAL
7,Inglés,FULL_PROFESSIONAL
8,Inglés,PROFESSIONAL_WORKING
9,Español,NATIVE_OR_BILINGUAL
10,Ingles,FULL_PROFESSIONAL
11,Inglés,PROFESSIONAL_WORKING
12,English,FULL_PROFESSIONAL
13,English,FULL_PROFESSIONAL
14,French,PROFESSIONAL_WORKING
15,Spanish,NATIVE_OR_BILINGUAL
16,Inglés,PROFESSIONAL_WORKING
17,Español,NATIVE_OR_BILINGUAL
18,Ingles,ELEMENTARY
19,Anglais,NATIVE_OR_BILINGUAL
20,Espagnol,NATIVE_OR_BILINGUAL
21,Français,FULL_PROFESSIONAL
22,Español,NATIVE_OR_BILINGUAL
23,Inglés,FULL_PROFESSIONAL
24,Español,None
25,Francés,None
26,Inglés,None
27,Japonés,None
28,Español,NATIVE_OR_BILINGUAL
29,Inglés,FULL_PROFESSIONAL
30,English,FULL_PROFESSIONAL
31,German,ELEMENTARY
32,Spanish,NATIVE_OR_BILINGUAL
33,Español,NATIVE_OR_BILINGUAL
34,Ingles,PROFESSIONAL_WORKING
35,Francés,PROFESSIONAL_WORKING
36,Inglés,PROFESSIONAL_WORKING
37,Español,NATIVE_OR_BILINGUAL
38,Inglés,PROFESSIONAL_WORKING
39,Deutsch,FULL_PROFESSIONAL
40,Englisch,NATIVE_OR_BILINGUAL
41,Portugiesisch,ELEMENTARY
42,Spanisch,NATIVE_OR_BILINGUAL
43,Español,None
44,Inglés,None
45,Francés,None
46,Inglés,None
47,Español,NATIVE_OR_BILINGUAL
48,Ingles,FULL_PROFESSIONAL
49,Inglés,PROFESSIONAL_WORKING
50,Inglés,PROFESSIONAL_WORKING
51,Portuguese,LIMITED_WORKING
52,Español,NATIVE_OR_BILINGUAL
53,Francés,PROFESSIONAL_WORKING
54,Inglés,FULL_PROFESSIONAL
55,Español,None
56,Inglés,PROFESSIONAL_WORKING
57,English,PROFESSIONAL_WORKING
58,Italian,ELEMENTARY
59,English,FULL_PROFESSIONAL
60,Spanish,NATIVE_OR_BILINGUAL
61,Español,NATIVE_OR_BILINGUAL
62,Inglés,PROFESSIONAL_WORKING
63,Español,NATIVE_OR_BILINGUAL
64,Francés,PROFESSIONAL_WORKING
65,Inglés,FULL_PROFESSIONAL
66,Francés,FULL_PROFESSIONAL
67,Ingles,None
68,Alemán,ELEMENTARY
69,Inglés,FULL_PROFESSIONAL
70,Español,NATIVE_OR_BILINGUAL
71,Inglés,LIMITED_WORKING
72,Inglés,PROFESSIONAL_WORKING
73,Español,NATIVE_OR_BILINGUAL
74,Inglés,FULL_PROFESSIONAL
75,Inglés,FULL_PROFESSIONAL
76,Inglés,FULL_PROFESSIONAL
77,Italiano,LIMITED_WORKING
78,Español,NATIVE_OR_BILINGUAL
79,Inglés,PROFESSIONAL_WORKING
80,Portugués,ELEMENTARY
81,Inglés,LIMITED_WORKING
82,Francés,LIMITED_WORKING
83,Inglés,FULL_PROFESSIONAL
84,Español,NATIVE_OR_BILINGUAL
85,Inglés,FULL_PROFESSIONAL
86,Portugués,FULL_PROFESSIONAL
87,Español,NATIVE_OR_BILINGUAL
88,Inglés,PROFESSIONAL_WORKING
89,Portugués,ELEMENTARY
90,Español,NATIVE_OR_BILINGUAL
91,Inglés,LIMITED_WORKING
92,English,NATIVE_OR_BILINGUAL
93,Spanish,NATIVE_OR_BILINGUAL
94,Español,NATIVE_OR_BILINGUAL
95,Inglés,FULL_PROFESSIONAL
96,English,NATIVE_OR_BILINGUAL
97,Spanish,NATIVE_OR_BILINGUAL
98,Español,NATIVE_OR_BILINGUAL
99,Ingles,NATIVE_OR_BILINGUAL
100,English,PROFESSIONAL_WORKING
101,Español,NATIVE_OR_BILINGUAL
102,Portugués,ELEMENTARY
103,Alemán,LIMITED_WORKING
104,Español,NATIVE_OR_BILINGUAL
105,Inglés,NATIVE_OR_BILINGUAL
106,Español,None
107,Inglés,None
108,Italiano,None
109,Inglés,PROFESSIONAL_WORKING
110,Inglés,PROFESSIONAL_WORKING
111,Alemán,PROFESSIONAL_WORKING
112,Inglés,NATIVE_OR_BILINGUAL
113,Alemán,ELEMENTARY
114,Español,NATIVE_OR_BILINGUAL
115,Inglés,NATIVE_OR_BILINGUAL
116,Español,NATIVE_OR_BILINGUAL
117,Francés,ELEMENTARY
118,Ingles,PROFESSIONAL_WORKING
119,Francés,LIMITED_WORKING
120,Inglés,PROFESSIONAL_WORKING
121,Alemán,ELEMENTARY
122,Español,NATIVE_OR_BILINGUAL
123,Inglés,PROFESSIONAL_WORKING
124,English,FULL_PROFESSIONAL
125,French,ELEMENTARY
126,Spanish,NATIVE_OR_BILINGUAL
127,Ingles,FULL_PROFESSIONAL
128,Inglés,FULL_PROFESSIONAL
129,Alemán,PROFESSIONAL_WORKING
130,Español,NATIVE_OR_BILINGUAL
131,Ingles,FULL_PROFESSIONAL
132,Portugués,LIMITED_WORKING
133,Español,NATIVE_OR_BILINGUAL
134,Inglés,PROFESSIONAL_WORKING
135,Inglés,PROFESSIONAL_WORKING
136,Español,NATIVE_OR_BILINGUAL
137,Francés,PROFESSIONAL_WORKING
138,Inglés,FULL_PROFESSIONAL
139,Alemán,LIMITED_WORKING
140,Inglés,NATIVE_OR_BILINGUAL
141,Inglés,ELEMENTARY
142,Español,NATIVE_OR_BILINGUAL
143,Francés,ELEMENTARY
144,Inglés,FULL_PROFESSIONAL
145,Español,NATIVE_OR_BILINGUAL
146,Español,NATIVE_OR_BILINGUAL
147,Frances,PROFESSIONAL_WORKING
148,Ingles,FULL_PROFESSIONAL
149,Español,NATIVE_OR_BILINGUAL
150,Francés,FULL_PROFESSIONAL
151,Inglés,FULL_PROFESSIONAL
152,Español,NATIVE_OR_BILINGUAL
153,Inglés,ELEMENTARY
154,Alemán,FULL_PROFESSIONAL
155,Español,NATIVE_OR_BILINGUAL
156,Inglés,FULL_PROFESSIONAL
157,Alemán,ELEMENTARY
158,Frances,PROFESSIONAL_WORKING
159,Inglés,PROFESSIONAL_WORKING
160,Alemán,ELEMENTARY
161,Español,NATIVE_OR_BILINGUAL
162,Inglés,FULL_PROFESSIONAL
163,Español,NATIVE_OR_BILINGUAL
164,Inglés,PROFESSIONAL_WORKING
165,Alemán,PROFESSIONAL_WORKING
166,Español,NATIVE_OR_BILINGUAL
167,Francés,FULL_PROFESSIONAL
168,Inglés,NATIVE_OR_BILINGUAL
169,Español,NATIVE_OR_BILINGUAL
170,Ingles,PROFESSIONAL_WORKING
171,Español,NATIVE_OR_BILINGUAL
172,Inglés,FULL_PROFESSIONAL
173,English,PROFESSIONAL_WORKING
174,French,FULL_PROFESSIONAL
175,Spanish,NATIVE_OR_BILINGUAL
176,English,FULL_PROFESSIONAL
177,French,LIMITED_WORKING
178,Spanish,NATIVE_OR_BILINGUAL
179,Inglés,PROFESSIONAL_WORKING
180,Inglés,NATIVE_OR_BILINGUAL
181,English,PROFESSIONAL_WORKING
182,French,ELEMENTARY
183,German,FULL_PROFESSIONAL
184,Spanish,NATIVE_OR_BILINGUAL
185,Inglés,LIMITED_WORKING
186,English,FULL_PROFESSIONAL
187,Spanish,NATIVE_OR_BILINGUAL
188,English,NATIVE_OR_BILINGUAL
189,French,FULL_PROFESSIONAL
190,Spanish,NATIVE_OR_BILINGUAL
191,English,FULL_PROFESSIONAL
192,Espanhol,NATIVE_OR_BILINGUAL
193,Português,FULL_PROFESSIONAL
194,English,NATIVE_OR_BILINGUAL
195,Espagnol,NATIVE_OR_BILINGUAL
196,French,FULL_PROFESSIONAL
197,English,PROFESSIONAL_WORKING
198,French,ELEMENTARY
199,Italiano,PROFESSIONAL_WORKING
200,Spagnolo,NATIVE_OR_BILINGUAL
201,English,PROFESSIONAL_WORKING
202,Spanish,NATIVE_OR_BILINGUAL
203,Español,NATIVE_OR_BILINGUAL
204,Inglés,FULL_PROFESSIONAL
205,Español,NATIVE_OR_BILINGUAL
206,Ingles,PROFESSIONAL_WORKING
207,Inglés,None
208,Español,NATIVE_OR_BILINGUAL
209,Inglés,PROFESSIONAL_WORKING
210,Italiano,PROFESSIONAL_WORKING
211,Español,NATIVE_OR_BILINGUAL
212,Inglés,FULL_PROFESSIONAL
213,Inglés,PROFESSIONAL_WORKING
214,Español,NATIVE_OR_BILINGUAL
215,Inglés,PROFESSIONAL_WORKING
216,Español,NATIVE_OR_BILINGUAL
217,Inglés,PROFESSIONAL_WORKING
218,Francés,ELEMENTARY
219,Inglés,PROFESSIONAL_WORKING
220,Coreano,ELEMENTARY
221,Español,NATIVE_OR_BILINGUAL
222,Inglés,NATIVE_OR_BILINGUAL
223,Japonés,ELEMENTARY
224,Español,NATIVE_OR_BILINGUAL
225,Francés,PROFESSIONAL_WORKING
226,Inglés,PROFESSIONAL_WORKING
227,Italiano,PROFESSIONAL_WORKING
228,Alemán,LIMITED_WORKING
229,Español,NATIVE_OR_BILINGUAL
230,Ingles ,PROFESSIONAL_WORKING
231,English,FULL_PROFESSIONAL
232,German,LIMITED_WORKING
233,Spanish,NATIVE_OR_BILINGUAL
234,Alemán,None
235,Español,None
236,Francés,None
237,Inglés,None
238,Alemán,None
239,Español,None
240,Francés,None
241,Inglés,None
242,Francés,ELEMENTARY
243,Inglés,PROFESSIONAL_WORKING
244,Italiano,PROFESSIONAL_WORKING
245,Español,NATIVE_OR_BILINGUAL
246,Inglés,NATIVE_OR_BILINGUAL
247,Japonés,ELEMENTARY
248,Alemán,LIMITED_WORKING
249,Español,NATIVE_OR_BILINGUAL
250,Inglés,FULL_PROFESSIONAL
251,Deutsch,LIMITED_WORKING
252,Englisch,PROFESSIONAL_WORKING
253,Spanisch,NATIVE_OR_BILINGUAL
254,Español,NATIVE_OR_BILINGUAL
255,Inglés,PROFESSIONAL_WORKING
256,Español,NATIVE_OR_BILINGUAL
257,Francés,FULL_PROFESSIONAL
258,Inglés,FULL_PROFESSIONAL
259,Inglés,PROFESSIONAL_WORKING
260,English,PROFESSIONAL_WORKING
261,French,FULL_PROFESSIONAL
262,Spanish,NATIVE_OR_BILINGUAL
263,Español,NATIVE_OR_BILINGUAL
264,Inglés,FULL_PROFESSIONAL
265,Inglés,None
266,Inglés,PROFESSIONAL_WORKING
267,Portugués,FULL_PROFESSIONAL
268,Inglés,None
269,English,PROFESSIONAL_WORKING
270,French,PROFESSIONAL_WORKING
271,German,ELEMENTARY
272,Spanish,NATIVE_OR_BILINGUAL
273,Alemán,PROFESSIONAL_WORKING
274,Español,NATIVE_OR_BILINGUAL
275,Inglés,FULL_PROFESSIONAL
276,Español,NATIVE_OR_BILINGUAL
277,Inglés,FULL_PROFESSIONAL
278,English,FULL_PROFESSIONAL
279,Italiano,ELEMENTARY
280,Español,NATIVE_OR_BILINGUAL
281,Francés,ELEMENTARY
282,Inglés,FULL_PROFESSIONAL
283,Inglés,FULL_PROFESSIONAL
284,Alemán,PROFESSIONAL_WORKING
285,Español,NATIVE_OR_BILINGUAL
286,Inglés,FULL_PROFESSIONAL
287,Coreano,LIMITED_WORKING
288,Español,NATIVE_OR_BILINGUAL
289,Inglés,FULL_PROFESSIONAL
290,Español,NATIVE_OR_BILINGUAL
291,Inglés,PROFESSIONAL_WORKING
292,English,NATIVE_OR_BILINGUAL
293,French,PROFESSIONAL_WORKING
294,Italian,PROFESSIONAL_WORKING
295,Portuguese,PROFESSIONAL_WORKING
296,Spanish,NATIVE_OR_BILINGUAL
297,Español,NATIVE_OR_BILINGUAL
298,Inglés,FULL_PROFESSIONAL
299,Español,NATIVE_OR_BILINGUAL
300,Inglés,ELEMENTARY
301,Español,NATIVE_OR_BILINGUAL
302,Francés,PROFESSIONAL_WORKING
303,Inglés,PROFESSIONAL_WORKING
304,Portugués,ELEMENTARY
305,Español,NATIVE_OR_BILINGUAL
306,Inglés,FULL_PROFESSIONAL
307,Portugués,ELEMENTARY
308,Español,NATIVE_OR_BILINGUAL
309,Inglés,PROFESSIONAL_WORKING
310,Español,NATIVE_OR_BILINGUAL
311,Inglés,PROFESSIONAL_WORKING
312,Ingles,PROFESSIONAL_WORKING
313,Español,NATIVE_OR_BILINGUAL
314,Inglés,FULL_PROFESSIONAL
315,Español,NATIVE_OR_BILINGUAL
316,Inglés,FULL_PROFESSIONAL
317,Español,NATIVE_OR_BILINGUAL
318,Inglés,PROFESSIONAL_WORKING
319,Español,NATIVE_OR_BILINGUAL
320,Frances,NATIVE_OR_BILINGUAL
321,Ingles,FULL_PROFESSIONAL
322,English,NATIVE_OR_BILINGUAL
323,Español,NATIVE_OR_BILINGUAL
324,Japonés,LIMITED_WORKING
325,Español,NATIVE_OR_BILINGUAL
326,Francés,FULL_PROFESSIONAL
327,Inglés,FULL_PROFESSIONAL
328,Español,NATIVE_OR_BILINGUAL
329,Inglés,PROFESSIONAL_WORKING
330,Español,NATIVE_OR_BILINGUAL
331,Inglés,FULL_PROFESSIONAL
332,English,PROFESSIONAL_WORKING
333,French,FULL_PROFESSIONAL
334,Spanish,NATIVE_OR_BILINGUAL
335,Alemán,ELEMENTARY
336,Español,NATIVE_OR_BILINGUAL
337,Inglés,FULL_PROFESSIONAL
338,Español,NATIVE_OR_BILINGUAL
339,Inglés,NATIVE_OR_BILINGUAL
340,English,None
341,Inglés,PROFESSIONAL_WORKING
342,Portugués,PROFESSIONAL_WORKING
343,Francés,LIMITED_WORKING
344,Inglés,PROFESSIONAL_WORKING
345,English,PROFESSIONAL_WORKING
346,Spanish,NATIVE_OR_BILINGUAL
347,Español,None
348,Francés,LIMITED_WORKING
349,Inglés,None
350,Francés,LIMITED_WORKING
351,Inglés,FULL_PROFESSIONAL
352,Alemán,LIMITED_WORKING
353,Español,NATIVE_OR_BILINGUAL
354,Inglés,PROFESSIONAL_WORKING
355,Español,NATIVE_OR_BILINGUAL
356,Francés,LIMITED_WORKING
357,Inglés,PROFESSIONAL_WORKING
358,English,PROFESSIONAL_WORKING
359,German,PROFESSIONAL_WORKING
360,Spanish,NATIVE_OR_BILINGUAL
361,English,FULL_PROFESSIONAL
362,French,FULL_PROFESSIONAL
363,Italian,ELEMENTARY
364,Spanish,NATIVE_OR_BILINGUAL
365,English,PROFESSIONAL_WORKING
366,Spanish,NATIVE_OR_BILINGUAL
367,Alemán,PROFESSIONAL_WORKING
368,Español,NATIVE_OR_BILINGUAL
369,Inglés,FULL_PROFESSIONAL
370,Español,NATIVE_OR_BILINGUAL
371,Inglés,PROFESSIONAL_WORKING
372,Italiano,FULL_PROFESSIONAL
373,Portugues,LIMITED_WORKING
374,Español,None
375,Inglés,None
376,Español,NATIVE_OR_BILINGUAL
377,Inglés,PROFESSIONAL_WORKING
378,Español,NATIVE_OR_BILINGUAL
379,Inglés,FULL_PROFESSIONAL
380,Allemand,ELEMENTARY
381,Anglais,PROFESSIONAL_WORKING
382,Espagnol,NATIVE_OR_BILINGUAL
383,Français,FULL_PROFESSIONAL
384,Español,NATIVE_OR_BILINGUAL
385,Inglés,PROFESSIONAL_WORKING
386,Italiano,NATIVE_OR_BILINGUAL
387,English,PROFESSIONAL_WORKING
388,Spanish,NATIVE_OR_BILINGUAL
389,Turkish,LIMITED_WORKING
390,Alemán,LIMITED_WORKING
391,Ingles,FULL_PROFESSIONAL
392,English,None
393,Spanish,None
394,Inglés,None
395,Portugués,None
396,Español,NATIVE_OR_BILINGUAL
397,Francés,LIMITED_WORKING
398,Inglés,FULL_PROFESSIONAL
399,Japonés,ELEMENTARY
400,Español,NATIVE_OR_BILINGUAL
401,Ingles,PROFESSIONAL_WORKING
402,Español,NATIVE_OR_BILINGUAL
403,Inglés,FULL_PROFESSIONAL
404,Español,NATIVE_OR_BILINGUAL
405,Ingles,LIMITED_WORKING
406,Anglais,FULL_PROFESSIONAL
407,Espagnol,NATIVE_OR_BILINGUAL
408,Français,FULL_PROFESSIONAL
409,Inglés,PROFESSIONAL_WORKING
410,Español,NATIVE_OR_BILINGUAL
411,Inglés,PROFESSIONAL_WORKING
412,Ruso,PROFESSIONAL_WORKING
413,ingles,PROFESSIONAL_WORKING
414,Inglés,None
415,Inglés,FULL_PROFESSIONAL
416,Alemán,FULL_PROFESSIONAL
417,Español,NATIVE_OR_BILINGUAL
418,Inglés,FULL_PROFESSIONAL
419,Español,NATIVE_OR_BILINGUAL
420,Inglés,FULL_PROFESSIONAL
421,Portugués,FULL_PROFESSIONAL
422,Español,NATIVE_OR_BILINGUAL
423,Francés,PROFESSIONAL_WORKING
424,Inglés,NATIVE_OR_BILINGUAL
425,English,PROFESSIONAL_WORKING
426,Español,NATIVE_OR_BILINGUAL
427,Francés,ELEMENTARY
428,Inglés,NATIVE_OR_BILINGUAL
429,Español,NATIVE_OR_BILINGUAL
430,Inglés,PROFESSIONAL_WORKING
431,English,PROFESSIONAL_WORKING
432,Español,NATIVE_OR_BILINGUAL
433,French,LIMITED_WORKING
434,Italian,LIMITED_WORKING
435,Alemán,ELEMENTARY
436,Francés,NATIVE_OR_BILINGUAL
437,Inglés,FULL_PROFESSIONAL
438,Italiano,ELEMENTARY
439,Coreano,PROFESSIONAL_WORKING
440,Español,NATIVE_OR_BILINGUAL
441,Inglés,NATIVE_OR_BILINGUAL
442,English,FULL_PROFESSIONAL
443,Portuguese,LIMITED_WORKING
444,Spanish,NATIVE_OR_BILINGUAL
445,English,FULL_PROFESSIONAL
446,German,PROFESSIONAL_WORKING
447,Spanish,NATIVE_OR_BILINGUAL
448,English,FULL_PROFESSIONAL
449,French,LIMITED_WORKING
450,Spanish,NATIVE_OR_BILINGUAL
451,Alemán,ELEMENTARY
452,Inglés,FULL_PROFESSIONAL
453,Inglés,FULL_PROFESSIONAL
454,Español,NATIVE_OR_BILINGUAL
455,Hebreo,ELEMENTARY
456,Inglés,PROFESSIONAL_WORKING
457,English,FULL_PROFESSIONAL
458,French,NATIVE_OR_BILINGUAL
459,Spanish,NATIVE_OR_BILINGUAL
460,Alemán,ELEMENTARY
461,Español,NATIVE_OR_BILINGUAL
462,Ingles,ELEMENTARY
463,Español,NATIVE_OR_BILINGUAL
464,Inglés,PROFESSIONAL_WORKING
465,English,NATIVE_OR_BILINGUAL
466,German,ELEMENTARY
467,Greek,ELEMENTARY
468,Spanish,NATIVE_OR_BILINGUAL
469,Alemán,LIMITED_WORKING
470,Español,NATIVE_OR_BILINGUAL
471,Ingles,FULL_PROFESSIONAL
472,Frances,LIMITED_WORKING
473,Ingles,PROFESSIONAL_WORKING
474,Español,NATIVE_OR_BILINGUAL
475,Inglés,PROFESSIONAL_WORKING
476,English,FULL_PROFESSIONAL
477,Spanish,NATIVE_OR_BILINGUAL
478,Inglés,PROFESSIONAL_WORKING
479,Portugués,LIMITED_WORKING
480,Inglés,LIMITED_WORKING
481,English,FULL_PROFESSIONAL
482,Spanish,NATIVE_OR_BILINGUAL
483,Español,NATIVE_OR_BILINGUAL
484,Inglés,ELEMENTARY
485,Portugués,PROFESSIONAL_WORKING
486,English,PROFESSIONAL_WORKING
487,Spanish,NATIVE_OR_BILINGUAL
488,Inglés,FULL_PROFESSIONAL
489,Portuguese,ELEMENTARY
490,Spanish,NATIVE_OR_BILINGUAL
491,English,PROFESSIONAL_WORKING
492,Español,NATIVE_OR_BILINGUAL
493,Inglés,PROFESSIONAL_WORKING
494,English,PROFESSIONAL_WORKING
495,German,ELEMENTARY
496,Spanish,NATIVE_OR_BILINGUAL
497,Español,NATIVE_OR_BILINGUAL
498,Inglés,PROFESSIONAL_WORKING
499,Español,NATIVE_OR_BILINGUAL
500,Ingles,NATIVE_OR_BILINGUAL
501,Español,NATIVE_OR_BILINGUAL
502,Inglés ,PROFESSIONAL_WORKING
503,INGLES,None
504,English,FULL_PROFESSIONAL
505,Spanish,NATIVE_OR_BILINGUAL
506,Francés,None
507,Inglés,None
508,English,PROFESSIONAL_WORKING
509,Español,NATIVE_OR_BILINGUAL
510,Portugués,ELEMENTARY
511,Inglés,PROFESSIONAL_WORKING
512,Portugués,LIMITED_WORKING
513,Inglés,NATIVE_OR_BILINGUAL
514,Deutsch,PROFESSIONAL_WORKING
515,Englisch,PROFESSIONAL_WORKING
516,Spanisch,NATIVE_OR_BILINGUAL
517,Español,NATIVE_OR_BILINGUAL
518,Inglés,FULL_PROFESSIONAL
519,Español,NATIVE_OR_BILINGUAL
520,Inglés,ELEMENTARY
521,Inglés,PROFESSIONAL_WORKING
522,Inglés,PROFESSIONAL_WORKING
523,Español,NATIVE_OR_BILINGUAL
524,Francés,FULL_PROFESSIONAL
525,Inglés,PROFESSIONAL_WORKING
526,Español,NATIVE_OR_BILINGUAL
527,Francés,NATIVE_OR_BILINGUAL
528,Ingles,ELEMENTARY
529,Español,NATIVE_OR_BILINGUAL
530,Inglés,PROFESSIONAL_WORKING
531,Inglés,PROFESSIONAL_WORKING
532,English,FULL_PROFESSIONAL
533,Alemán,FULL_PROFESSIONAL
534,Español,NATIVE_OR_BILINGUAL
535,Inglés,FULL_PROFESSIONAL
536,Ingles,FULL_PROFESSIONAL
537,Alemán,LIMITED_WORKING
538,Español,NATIVE_OR_BILINGUAL
539,Inglés,LIMITED_WORKING
540,English,PROFESSIONAL_WORKING
541,Español,NATIVE_OR_BILINGUAL
542,Portuguese,PROFESSIONAL_WORKING
543,English,FULL_PROFESSIONAL
544,French,FULL_PROFESSIONAL
545,Italian,ELEMENTARY
546,Spanish,NATIVE_OR_BILINGUAL
547,Español,NATIVE_OR_BILINGUAL
548,Inglés,None
549,Español,NATIVE_OR_BILINGUAL
550,Inglés,FULL_PROFESSIONAL
551,Alemán,LIMITED_WORKING
552,Español,NATIVE_OR_BILINGUAL
553,Inglés,FULL_PROFESSIONAL
554,English ,FULL_PROFESSIONAL
555,French,FULL_PROFESSIONAL
556,Portuguese,LIMITED_WORKING
557,Spanish ,NATIVE_OR_BILINGUAL
558,Español,None
559,Inglés,None
560,Alemán,ELEMENTARY
561,Inglés,LIMITED_WORKING
562,English,PROFESSIONAL_WORKING
563,French,NATIVE_OR_BILINGUAL
564,Spanish,NATIVE_OR_BILINGUAL
565,English,PROFESSIONAL_WORKING
566,Spanish,NATIVE_OR_BILINGUAL
567,English,FULL_PROFESSIONAL
568,French,NATIVE_OR_BILINGUAL
569,Spanish,NATIVE_OR_BILINGUAL
570,English,FULL_PROFESSIONAL
571,French,ELEMENTARY
572,Spanish,NATIVE_OR_BILINGUAL
573,Español,NATIVE_OR_BILINGUAL
574,Inglés,FULL_PROFESSIONAL
575,Anglais,FULL_PROFESSIONAL
576,Espagnol,NATIVE_OR_BILINGUAL
577,Esperanto,ELEMENTARY
578,Français,PROFESSIONAL_WORKING
579,Español,None
580,Inglés,None
581,Francés,PROFESSIONAL_WORKING
582,Inglés,None
583,Portuguese,None
584,Español,NATIVE_OR_BILINGUAL
585,Inglés,PROFESSIONAL_WORKING
586,Anglais,FULL_PROFESSIONAL
587,Espagnol,NATIVE_OR_BILINGUAL
588,Français,FULL_PROFESSIONAL
589,Español,NATIVE_OR_BILINGUAL
590,Inglés,PROFESSIONAL_WORKING
591,Español,NATIVE_OR_BILINGUAL
592,Inglés,FULL_PROFESSIONAL
593,Alemán,FULL_PROFESSIONAL
594,Español,NATIVE_OR_BILINGUAL
595,Francés,LIMITED_WORKING
596,Inglés,FULL_PROFESSIONAL
597,English,PROFESSIONAL_WORKING
598,Spanish,NATIVE_OR_BILINGUAL
599,English,FULL_PROFESSIONAL
600,French,FULL_PROFESSIONAL
601,Spanish,NATIVE_OR_BILINGUAL
602,Español,None
603,Ingles,PROFESSIONAL_WORKING
604,Español,NATIVE_OR_BILINGUAL
605,Ingles,FULL_PROFESSIONAL
606,English,NATIVE_OR_BILINGUAL
607,French,LIMITED_WORKING
608,Spanish,NATIVE_OR_BILINGUAL
609,Inglés,PROFESSIONAL_WORKING
610,Inglés,PROFESSIONAL_WORKING
611,Español,None
612,Francés,None
613,Inglés,None
614,Italiano,None
615,Español,NATIVE_OR_BILINGUAL
616,Francés,NATIVE_OR_BILINGUAL
617,Inglés,FULL_PROFESSIONAL
618,Español,NATIVE_OR_BILINGUAL
619,Inglés,ELEMENTARY
620,Español,NATIVE_OR_BILINGUAL
621,Inglés,PROFESSIONAL_WORKING
622,Inglés,None
623,Portugués,None
624,Español,NATIVE_OR_BILINGUAL
625,Inglés,NATIVE_OR_BILINGUAL
626,Español,None
627,Inglés,None
628,Alemán,ELEMENTARY
629,Español,NATIVE_OR_BILINGUAL
630,Inglés,FULL_PROFESSIONAL
631,Portugués,NATIVE_OR_BILINGUAL
632,Español,NATIVE_OR_BILINGUAL
633,Ingles,PROFESSIONAL_WORKING
634,Inglés,None
635,Español,NATIVE_OR_BILINGUAL
636,Inglés,PROFESSIONAL_WORKING
637,Español,NATIVE_OR_BILINGUAL
638,Francés,LIMITED_WORKING
639,Inglés,PROFESSIONAL_WORKING
640,Español,NATIVE_OR_BILINGUAL
641,Ingles,ELEMENTARY
642,Italiano,PROFESSIONAL_WORKING
643,Español,NATIVE_OR_BILINGUAL
644,Francés,FULL_PROFESSIONAL
645,Inglés,FULL_PROFESSIONAL
646,English,NATIVE_OR_BILINGUAL
647,German,PROFESSIONAL_WORKING
648,Portugiesisch,ELEMENTARY
649,Spanish,NATIVE_OR_BILINGUAL
650,Español,NATIVE_OR_BILINGUAL
651,Inglés,LIMITED_WORKING
652,Inglés,PROFESSIONAL_WORKING
653,Portugués,NATIVE_OR_BILINGUAL
654,Spanish,NATIVE_OR_BILINGUAL
655,Alemán,ELEMENTARY
656,Español,NATIVE_OR_BILINGUAL
657,Francés,PROFESSIONAL_WORKING
658,Inglés,NATIVE_OR_BILINGUAL
659,Español,None
660,Español,NATIVE_OR_BILINGUAL
661,Inglés,FULL_PROFESSIONAL
662,English,PROFESSIONAL_WORKING
663,Spanish,NATIVE_OR_BILINGUAL
664,Alemán,LIMITED_WORKING
665,Español,NATIVE_OR_BILINGUAL
666,Inglés,NATIVE_OR_BILINGUAL
667,Alemán,PROFESSIONAL_WORKING
668,Español,NATIVE_OR_BILINGUAL
669,Francés,LIMITED_WORKING
670,Inglés,FULL_PROFESSIONAL
671,Español,NATIVE_OR_BILINGUAL
672,Inglés,FULL_PROFESSIONAL
673,Italiano,FULL_PROFESSIONAL
674,English,FULL_PROFESSIONAL
675,German,FULL_PROFESSIONAL
676,Spanish,NATIVE_OR_BILINGUAL
677,Español,NATIVE_OR_BILINGUAL
678,Inglés,PROFESSIONAL_WORKING
679,Español,NATIVE_OR_BILINGUAL
680,Francés,PROFESSIONAL_WORKING
681,Inglés,PROFESSIONAL_WORKING
682,Español,NATIVE_OR_BILINGUAL
683,Ingles,PROFESSIONAL_WORKING
684,English,FULL_PROFESSIONAL
685,Spanish,NATIVE_OR_BILINGUAL
686,Swedish,LIMITED_WORKING
687,Inglés,PROFESSIONAL_WORKING
688,English,PROFESSIONAL_WORKING
689,Finnish,ELEMENTARY
690,Spanish,NATIVE_OR_BILINGUAL
691,Español,NATIVE_OR_BILINGUAL
692,French,ELEMENTARY
693,German,NATIVE_OR_BILINGUAL
694,Inglés,NATIVE_OR_BILINGUAL
695,Portugiesisch,ELEMENTARY
696,Español,NATIVE_OR_BILINGUAL
697,Inglés,FULL_PROFESSIONAL
698,Portugués,PROFESSIONAL_WORKING
699,Inglés,NATIVE_OR_BILINGUAL
700,Anglais,FULL_PROFESSIONAL
701,Espagnol,NATIVE_OR_BILINGUAL
702,Français,FULL_PROFESSIONAL
703,Inglés,PROFESSIONAL_WORKING
704,Español,NATIVE_OR_BILINGUAL
705,Inglés,FULL_PROFESSIONAL
706,Alemán,PROFESSIONAL_WORKING
707,Español,NATIVE_OR_BILINGUAL
708,Inglés,FULL_PROFESSIONAL
709,English,PROFESSIONAL_WORKING
710,Spanish,NATIVE_OR_BILINGUAL
711,English,FULL_PROFESSIONAL
712,Spanish,NATIVE_OR_BILINGUAL
713,Inglés,PROFESSIONAL_WORKING
714,Francés,PROFESSIONAL_WORKING
715,Inglés,FULL_PROFESSIONAL
716,Alemán,ELEMENTARY
717,Español,NATIVE_OR_BILINGUAL
718,Inglés,PROFESSIONAL_WORKING
719,Español,NATIVE_OR_BILINGUAL
720,Francés,LIMITED_WORKING
721,Inglés,FULL_PROFESSIONAL
722,Español,NATIVE_OR_BILINGUAL
723,Inglés,FULL_PROFESSIONAL
724,Italiano,PROFESSIONAL_WORKING
725,Español,NATIVE_OR_BILINGUAL
726,Francés,PROFESSIONAL_WORKING
727,Inglés,FULL_PROFESSIONAL
728,Italiano,PROFESSIONAL_WORKING
729,Ingles,PROFESSIONAL_WORKING
730,English,NATIVE_OR_BILINGUAL
731,French,PROFESSIONAL_WORKING
732,German,ELEMENTARY
733,Spanish,NATIVE_OR_BILINGUAL
734,Español,NATIVE_OR_BILINGUAL
735,Francés,FULL_PROFESSIONAL
736,Inglés,FULL_PROFESSIONAL
737,Español,NATIVE_OR_BILINGUAL
738,Inglés,PROFESSIONAL_WORKING
739,Portugués,PROFESSIONAL_WORKING
740,Español,NATIVE_OR_BILINGUAL
741,Inglés,PROFESSIONAL_WORKING
742,Español,NATIVE_OR_BILINGUAL
743,Inglés,PROFESSIONAL_WORKING
744,Inglés,FULL_PROFESSIONAL
745,Portugués,FULL_PROFESSIONAL
746,English,FULL_PROFESSIONAL
747,English,None
748,Spanish,None
749,Español,NATIVE_OR_BILINGUAL
750,Inglés,FULL_PROFESSIONAL
751,Portugués,PROFESSIONAL_WORKING
752,Español,None
753,Ingles,None
754,English,FULL_PROFESSIONAL
755,French,FULL_PROFESSIONAL
756,Italian,ELEMENTARY
757,Spanish,NATIVE_OR_BILINGUAL
758,Español,NATIVE_OR_BILINGUAL
759,Ingles,PROFESSIONAL_WORKING
760,Inglés,LIMITED_WORKING
761,Japonés,ELEMENTARY
762,Aleman,FULL_PROFESSIONAL
763,Español,NATIVE_OR_BILINGUAL
764,Inglés,FULL_PROFESSIONAL
765,Portugués,PROFESSIONAL_WORKING
766,Frances,LIMITED_WORKING
767,Inglés,PROFESSIONAL_WORKING
768,Español,NATIVE_OR_BILINGUAL
769,Inglés,ELEMENTARY
770,Español,NATIVE_OR_BILINGUAL
771,Inglés,FULL_PROFESSIONAL
772,Español,NATIVE_OR_BILINGUAL
773,Inglés,FULL_PROFESSIONAL
774,Ingles,LIMITED_WORKING
775,Español,NATIVE_OR_BILINGUAL
776,Inglés,PROFESSIONAL_WORKING
777,Español,NATIVE_OR_BILINGUAL
778,Inglés,FULL_PROFESSIONAL
779,Inglés,None
780,Alemán,FULL_PROFESSIONAL
781,Español,NATIVE_OR_BILINGUAL
782,Inglés,FULL_PROFESSIONAL
783,Español,NATIVE_OR_BILINGUAL
784,Inglés,PROFESSIONAL_WORKING
785,Portugués,PROFESSIONAL_WORKING
786,Inglés,FULL_PROFESSIONAL
787,Español,NATIVE_OR_BILINGUAL
788,INGLES,PROFESSIONAL_WORKING
789,Inglés,LIMITED_WORKING
790,Español,None
791,Francés,None
792,Inglés,None
793,Español,NATIVE_OR_BILINGUAL
794,Inglés,FULL_PROFESSIONAL
795,Italiano,FULL_PROFESSIONAL
796,English,FULL_PROFESSIONAL
797,German,FULL_PROFESSIONAL
798,Spanish,NATIVE_OR_BILINGUAL
799,Español,NATIVE_OR_BILINGUAL
800,Inglés,PROFESSIONAL_WORKING
801,Alemán,FULL_PROFESSIONAL
802,Español,NATIVE_OR_BILINGUAL
803,Inglés,FULL_PROFESSIONAL
804,ingles,PROFESSIONAL_WORKING
805,Español,None
806,Inglés,None
807,English,PROFESSIONAL_WORKING
808,German,ELEMENTARY
809,Spanish,NATIVE_OR_BILINGUAL
810,Español,NATIVE_OR_BILINGUAL
811,Inglés,PROFESSIONAL_WORKING
812,Portugués,LIMITED_WORKING
813,Alemán,PROFESSIONAL_WORKING
814,Español,NATIVE_OR_BILINGUAL
815,Inglés,FULL_PROFESSIONAL
816,English,NATIVE_OR_BILINGUAL
817,German,PROFESSIONAL_WORKING
818,Spanish,NATIVE_OR_BILINGUAL
819,Español,None
820,Inglés,None
821,Español,NATIVE_OR_BILINGUAL
822,Ingles,FULL_PROFESSIONAL
823,Deutsch,FULL_PROFESSIONAL
824,Englisch,FULL_PROFESSIONAL
825,Italienisch,PROFESSIONAL_WORKING
826,Portugiesisch,ELEMENTARY
827,Spanisch,NATIVE_OR_BILINGUAL
828,Francés,None
829,Ingles,None
830,English,FULL_PROFESSIONAL
831,Spanish,NATIVE_OR_BILINGUAL
832,Español,NATIVE_OR_BILINGUAL
833,Francés,LIMITED_WORKING
834,Inglés,PROFESSIONAL_WORKING
835,Francés,ELEMENTARY
836,Inglés,PROFESSIONAL_WORKING
837,Alemán,FULL_PROFESSIONAL
838,Español,NATIVE_OR_BILINGUAL
839,Inglés,NATIVE_OR_BILINGUAL
840,Español,NATIVE_OR_BILINGUAL
841,Inglés,FULL_PROFESSIONAL
842,Inglés,PROFESSIONAL_WORKING
843,Italiano,ELEMENTARY
844,Español,NATIVE_OR_BILINGUAL
845,Inglés,FULL_PROFESSIONAL
846,Español,NATIVE_OR_BILINGUAL
847,Francés,PROFESSIONAL_WORKING
848,Inglés,PROFESSIONAL_WORKING
849,Portugués,ELEMENTARY
850,Español,NATIVE_OR_BILINGUAL
851,Ingles,LIMITED_WORKING
852,Español,None
853,Inglés,None
854,Español,None
855,Ingles,ELEMENTARY
856,Español,NATIVE_OR_BILINGUAL
857,French,LIMITED_WORKING
858,Inglés,FULL_PROFESSIONAL
859,English,FULL_PROFESSIONAL
860,German,LIMITED_WORKING
861,Spanish,NATIVE_OR_BILINGUAL
862,English,PROFESSIONAL_WORKING
863,Spanish,NATIVE_OR_BILINGUAL
864,Alemán,LIMITED_WORKING
865,Inglés,FULL_PROFESSIONAL
866,Ingles,PROFESSIONAL_WORKING
867,Ingles,FULL_PROFESSIONAL
868,Alemán,PROFESSIONAL_WORKING
869,Español,NATIVE_OR_BILINGUAL
870,Inglés,PROFESSIONAL_WORKING
871,Español,NATIVE_OR_BILINGUAL
872,Inglés,PROFESSIONAL_WORKING
873,English,FULL_PROFESSIONAL
874,German,ELEMENTARY
875,Spanish,NATIVE_OR_BILINGUAL
876,Español,NATIVE_OR_BILINGUAL
877,Inglés,FULL_PROFESSIONAL
878,Italiano,FULL_PROFESSIONAL
879,English,PROFESSIONAL_WORKING
880,Spanish,NATIVE_OR_BILINGUAL
881,Inglés,PROFESSIONAL_WORKING
882,Inglés,NATIVE_OR_BILINGUAL
883,Español,NATIVE_OR_BILINGUAL
884,Francés,NATIVE_OR_BILINGUAL
885,Ingles,ELEMENTARY
886,English,PROFESSIONAL_WORKING
887,Spanish,NATIVE_OR_BILINGUAL
888,Alemán,LIMITED_WORKING
889,Español,NATIVE_OR_BILINGUAL
890,Francés,NATIVE_OR_BILINGUAL
891,Inglés,NATIVE_OR_BILINGUAL
892,Ruso,ELEMENTARY
893,Inglés,None
894,Inglés,PROFESSIONAL_WORKING
895,Inglés,FULL_PROFESSIONAL
896,English,NATIVE_OR_BILINGUAL
897,German,ELEMENTARY
898,Spanish,NATIVE_OR_BILINGUAL
899,English,FULL_PROFESSIONAL
900,French,NATIVE_OR_BILINGUAL
901,Spanish,NATIVE_OR_BILINGUAL
902,Inglés,FULL_PROFESSIONAL
903,Italiano,PROFESSIONAL_WORKING
904,English,FULL_PROFESSIONAL
905,Portuguese,LIMITED_WORKING
906,Spanish,NATIVE_OR_BILINGUAL
907,Español,NATIVE_OR_BILINGUAL
908,Inglés,PROFESSIONAL_WORKING
909,English,PROFESSIONAL_WORKING
910,Indonesian,FULL_PROFESSIONAL
911,Japanese,ELEMENTARY
912,Spanish,NATIVE_OR_BILINGUAL
913,English,PROFESSIONAL_WORKING
914,Espagnol,NATIVE_OR_BILINGUAL
915,French,FULL_PROFESSIONAL
916,Español,NATIVE_OR_BILINGUAL
917,Francés,NATIVE_OR_BILINGUAL
918,Inglés,FULL_PROFESSIONAL
919,Inglés,ELEMENTARY
920,Español,NATIVE_OR_BILINGUAL
921,Inglés,FULL_PROFESSIONAL
922,Ingles,FULL_PROFESSIONAL
923,Alemán,None
924,Inglés,None
925,Español,NATIVE_OR_BILINGUAL
926,Ingles,NATIVE_OR_BILINGUAL
927,ingles,PROFESSIONAL_WORKING
928,Español,NATIVE_OR_BILINGUAL
929,Ingles,FULL_PROFESSIONAL
930,English,FULL_PROFESSIONAL
931,French,PROFESSIONAL_WORKING
932,Italian,ELEMENTARY
933,Portugués,LIMITED_WORKING
934,Español,NATIVE_OR_BILINGUAL
935,Frances,ELEMENTARY
936,Inglés,PROFESSIONAL_WORKING
937,Portugues,NATIVE_OR_BILINGUAL
938,English,PROFESSIONAL_WORKING
939,Francés,LIMITED_WORKING
940,Spanish,NATIVE_OR_BILINGUAL
941,Español,NATIVE_OR_BILINGUAL
942,Inglés,PROFESSIONAL_WORKING
943,Español,NATIVE_OR_BILINGUAL
944,Inglés,PROFESSIONAL_WORKING
945,Español,NATIVE_OR_BILINGUAL
946,Inglés,ELEMENTARY
947,Francés,PROFESSIONAL_WORKING
948,Inglés,PROFESSIONAL_WORKING
949,English,FULL_PROFESSIONAL
950,Inglés,PROFESSIONAL_WORKING
951,Spanish,NATIVE_OR_BILINGUAL
952,Español,NATIVE_OR_BILINGUAL
953,Inglés,PROFESSIONAL_WORKING
954,Español,NATIVE_OR_BILINGUAL
955,Inglés,PROFESSIONAL_WORKING
956,Inglés,ELEMENTARY
957,Español,NATIVE_OR_BILINGUAL
958,Inglés,PROFESSIONAL_WORKING
959,English,PROFESSIONAL_WORKING
960,French,FULL_PROFESSIONAL
961,Spanish,NATIVE_OR_BILINGUAL
962,Español,NATIVE_OR_BILINGUAL
963,Francés,ELEMENTARY
964,Ingles,PROFESSIONAL_WORKING
965,Español,NATIVE_OR_BILINGUAL
966,Inglés,FULL_PROFESSIONAL
967,English,LIMITED_WORKING
968,Spanish,NATIVE_OR_BILINGUAL
969,Inglés,PROFESSIONAL_WORKING
970,Francese,PROFESSIONAL_WORKING
971,Inglese,FULL_PROFESSIONAL
972,Italiano,FULL_PROFESSIONAL
973,Spagnolo,NATIVE_OR_BILINGUAL
974,English,PROFESSIONAL_WORKING
975,Spanish,NATIVE_OR_BILINGUAL
976,Español,NATIVE_OR_BILINGUAL
977,Ingles,PROFESSIONAL_WORKING
978,Español,None
979,Inglés,ELEMENTARY
980,English,FULL_PROFESSIONAL
981,French,ELEMENTARY
982,Portuguese,FULL_PROFESSIONAL
983,Spanish,NATIVE_OR_BILINGUAL
984,English,PROFESSIONAL_WORKING
985,Spanish,NATIVE_OR_BILINGUAL
986,English,PROFESSIONAL_WORKING
987,French,LIMITED_WORKING
988,German,LIMITED_WORKING
989,Spanish,NATIVE_OR_BILINGUAL
990,Español,NATIVE_OR_BILINGUAL
991,Inglés,PROFESSIONAL_WORKING
992,Español,NATIVE_OR_BILINGUAL
993,Inglés,PROFESSIONAL_WORKING
994,Francés,LIMITED_WORKING
995,Inglés,FULL_PROFESSIONAL
996,Italiano,ELEMENTARY
997,Inglés,PROFESSIONAL_WORKING
998,Alemán,LIMITED_WORKING
999,Inglés,FULL_PROFESSIONAL
1000,Portugués,LIMITED_WORKING
1001,Español,None
1002,Inglés,None
1003,English / Inglés,FULL_PROFESSIONAL
1004,German / Alemán,FULL_PROFESSIONAL
1005,Italian / Italiano,ELEMENTARY
1006,Spanish / Español,NATIVE_OR_BILINGUAL
1007,English,NATIVE_OR_BILINGUAL
1008,French,PROFESSIONAL_WORKING
1009,Ingles,FULL_PROFESSIONAL
1010,Español,None
1011,Inglés,PROFESSIONAL_WORKING
1012,Inglés,ELEMENTARY
1013,Español,NATIVE_OR_BILINGUAL
1014,Inglés,FULL_PROFESSIONAL
1015,Italiano,PROFESSIONAL_WORKING
1016,Español,NATIVE_OR_BILINGUAL
1017,Inglés,ELEMENTARY
1018,Español,NATIVE_OR_BILINGUAL
1019,Francés,ELEMENTARY
1020,Inglés,PROFESSIONAL_WORKING
1021,Español,NATIVE_OR_BILINGUAL
1022,Inglés,FULL_PROFESSIONAL
1023,Español,NATIVE_OR_BILINGUAL
1024,Francés,PROFESSIONAL_WORKING
1025,Inglés,PROFESSIONAL_WORKING
1026,Español,NATIVE_OR_BILINGUAL
1027,Inglés,FULL_PROFESSIONAL
1028,Inglés,FULL_PROFESSIONAL
1029,Portugués,FULL_PROFESSIONAL
1030,English,FULL_PROFESSIONAL
1031,Spanish,NATIVE_OR_BILINGUAL
1032,Alemán,PROFESSIONAL_WORKING
1033,Español,NATIVE_OR_BILINGUAL
1034,Ingles,FULL_PROFESSIONAL
1035,Español,NATIVE_OR_BILINGUAL
1036,Inglés,PROFESSIONAL_WORKING
1037,Italiano,LIMITED_WORKING
1038,English,PROFESSIONAL_WORKING
1039,French,LIMITED_WORKING
1040,Spanish,NATIVE_OR_BILINGUAL
1041,Español,NATIVE_OR_BILINGUAL
1042,Francés,FULL_PROFESSIONAL
1043,Inglés,FULL_PROFESSIONAL
1044,Alemán,ELEMENTARY
1045,Español,NATIVE_OR_BILINGUAL
1046,Francés,PROFESSIONAL_WORKING
1047,Inglés,FULL_PROFESSIONAL
1048,Italiano,NATIVE_OR_BILINGUAL
1049,Portugués,NATIVE_OR_BILINGUAL
1050,Inglés,None
1051,Español,NATIVE_OR_BILINGUAL
1052,Inglés,PROFESSIONAL_WORKING
1053,Portugués,LIMITED_WORKING
1054,Alemán,LIMITED_WORKING
1055,Inglés,FULL_PROFESSIONAL
1056,Español,NATIVE_OR_BILINGUAL
1057,Inglés,LIMITED_WORKING
1058,Lenguajes de señas,LIMITED_WORKING
1059,Francés,ELEMENTARY
1060,Inglés,FULL_PROFESSIONAL
1061,Francés,None
1062,Inglés,None
1063,Español-Spanish,NATIVE_OR_BILINGUAL
1064,Inglés-English,PROFESSIONAL_WORKING
1065,Japonés-Japanese,ELEMENTARY
1066,Francés,None
1067,Inglés,None
1068,English,FULL_PROFESSIONAL
1069,French,PROFESSIONAL_WORKING
1070,Spanish,NATIVE_OR_BILINGUAL
1071,Español,NATIVE_OR_BILINGUAL
1072,Inglés,FULL_PROFESSIONAL
1073,Español,NATIVE_OR_BILINGUAL
1074,Inglés,PROFESSIONAL_WORKING
1075,Español,NATIVE_OR_BILINGUAL
1076,Francés,ELEMENTARY
1077,Inglés,FULL_PROFESSIONAL
1078,English,PROFESSIONAL_WORKING
1079,German,FULL_PROFESSIONAL
1080,Spanish,NATIVE_OR_BILINGUAL
1081,Alemán,PROFESSIONAL_WORKING
1082,Español,NATIVE_OR_BILINGUAL
1083,Inglés,PROFESSIONAL_WORKING
1084,English,FULL_PROFESSIONAL
1085,French,ELEMENTARY
1086,English,PROFESSIONAL_WORKING
1087,Spanish,NATIVE_OR_BILINGUAL
1088,Español,None
1089,Frances,None
1090,Ingles,None
1091,English,NATIVE_OR_BILINGUAL
1092,French,ELEMENTARY
1093,German,FULL_PROFESSIONAL
1094,Portuguese,LIMITED_WORKING
1095,Spanish,NATIVE_OR_BILINGUAL
1096,"English, TOEFL iBT - 91/120",FULL_PROFESSIONAL
1097,German - TestDaF [C1],FULL_PROFESSIONAL
1098,Spanish,NATIVE_OR_BILINGUAL
1099,Francés,FULL_PROFESSIONAL
1100,Inglés,PROFESSIONAL_WORKING
1101,Italiano,PROFESSIONAL_WORKING
1102,Español,NATIVE_OR_BILINGUAL
1103,Ingles,LIMITED_WORKING
1104,English,FULL_PROFESSIONAL
1105,Español,NATIVE_OR_BILINGUAL
1106,Français ,FULL_PROFESSIONAL
1107,Português ,ELEMENTARY
1108,Español,NATIVE_OR_BILINGUAL
1109,Francés,LIMITED_WORKING
1110,Inglés,NATIVE_OR_BILINGUAL
1111,Lenguajes de señas,LIMITED_WORKING
1112,Español,NATIVE_OR_BILINGUAL
1113,Francés,ELEMENTARY
1114,Inglés,FULL_PROFESSIONAL
1115,Español,NATIVE_OR_BILINGUAL
1116,Francés,PROFESSIONAL_WORKING
1117,Inglés,PROFESSIONAL_WORKING
1118,Czech,ELEMENTARY
1119,English,FULL_PROFESSIONAL
1120,French,PROFESSIONAL_WORKING
1121,German,ELEMENTARY
1122,Spanish,NATIVE_OR_BILINGUAL
1123,English,PROFESSIONAL_WORKING
1124,German,FULL_PROFESSIONAL
1125,Spanish,NATIVE_OR_BILINGUAL
1126,Inglés,None
1127,Inglés,FULL_PROFESSIONAL
1128,Alemán,PROFESSIONAL_WORKING
1129,Español,NATIVE_OR_BILINGUAL
1130,Inglés,NATIVE_OR_BILINGUAL
1131,Sueco,ELEMENTARY
1132,Inglés,None
1133,Español,None
1134,Francés,None
1135,Inglés,None
1136,English,NATIVE_OR_BILINGUAL
1137,French,FULL_PROFESSIONAL
1138,Spanish,NATIVE_OR_BILINGUAL
1139,Anglais,PROFESSIONAL_WORKING
1140,Español,NATIVE_OR_BILINGUAL
1141,Francés,PROFESSIONAL_WORKING
1142,Español,NATIVE_OR_BILINGUAL
1143,Ingles,PROFESSIONAL_WORKING
1144,Italiano,ELEMENTARY
1145,Francés,ELEMENTARY
1146,Inglés,FULL_PROFESSIONAL
1147,Alemán,LIMITED_WORKING
1148,Español,NATIVE_OR_BILINGUAL
1149,Frances,PROFESSIONAL_WORKING
1150,Inglés,FULL_PROFESSIONAL
1151,Ingles,PROFESSIONAL_WORKING
1152,Spanish,NATIVE_OR_BILINGUAL
1153,Español,NATIVE_OR_BILINGUAL
1154,Inglés,FULL_PROFESSIONAL
1155,English,FULL_PROFESSIONAL
1156,Spanish,NATIVE_OR_BILINGUAL
1157,Español,NATIVE_OR_BILINGUAL
1158,Francés,PROFESSIONAL_WORKING
1159,Ingles,ELEMENTARY
1160,English,PROFESSIONAL_WORKING
1161,Spanish,NATIVE_OR_BILINGUAL
1162,Inglés,PROFESSIONAL_WORKING
1163,Inglés,None
1164,Alemán,None
1165,Español,None
1166,Inglés,None
1167,Español,NATIVE_OR_BILINGUAL
1168,Francés,LIMITED_WORKING
1169,Inglés,PROFESSIONAL_WORKING
1170,Alemán,ELEMENTARY
1171,Español,NATIVE_OR_BILINGUAL
1172,Inglés,FULL_PROFESSIONAL
1173,Alemán,LIMITED_WORKING
1174,Español,NATIVE_OR_BILINGUAL
1175,Inglés,PROFESSIONAL_WORKING
1176,Español,NATIVE_OR_BILINGUAL
1177,Francés,LIMITED_WORKING
1178,Inglés,FULL_PROFESSIONAL
1179,Portugués,PROFESSIONAL_WORKING
1180,Anglais,LIMITED_WORKING
1181,Français,PROFESSIONAL_WORKING
1182,Inglés,PROFESSIONAL_WORKING
1183,Inglés,NATIVE_OR_BILINGUAL
1184,English,PROFESSIONAL_WORKING
1185,Italian,ELEMENTARY
1186,Portuguese,FULL_PROFESSIONAL
1187,Spanish,NATIVE_OR_BILINGUAL
1188,Español,NATIVE_OR_BILINGUAL
1189,Inglés,FULL_PROFESSIONAL
1190,Inglés,FULL_PROFESSIONAL
1191,Italiano,PROFESSIONAL_WORKING
1192,Alemán,LIMITED_WORKING
1193,Ingles,NATIVE_OR_BILINGUAL
1194,Portugués,FULL_PROFESSIONAL
1195,Spanish,NATIVE_OR_BILINGUAL
1196,Inglés,PROFESSIONAL_WORKING
1197,Inglés,PROFESSIONAL_WORKING
1198,Anglais,PROFESSIONAL_WORKING
1199,Espagnol,NATIVE_OR_BILINGUAL
1200,Français,PROFESSIONAL_WORKING
1201,Español,NATIVE_OR_BILINGUAL
1202,Frances,ELEMENTARY
1203,Ingles,NATIVE_OR_BILINGUAL
1204,Anglais,PROFESSIONAL_WORKING
1205,Espagnol,NATIVE_OR_BILINGUAL
1206,Français,PROFESSIONAL_WORKING
1207,Alemán,None
1208,Inglés,None
1209,English,FULL_PROFESSIONAL
1210,German,PROFESSIONAL_WORKING
1211,Spanish,NATIVE_OR_BILINGUAL
1212,Español,NATIVE_OR_BILINGUAL
1213,Francés,FULL_PROFESSIONAL
1214,Inglés,FULL_PROFESSIONAL
1215,Español,NATIVE_OR_BILINGUAL
1216,Inglés,PROFESSIONAL_WORKING
1217,Español,NATIVE_OR_BILINGUAL
1218,Ingles,NATIVE_OR_BILINGUAL
1219,Aleman,FULL_PROFESSIONAL
1220,Español,NATIVE_OR_BILINGUAL
1221,Ingles,NATIVE_OR_BILINGUAL
1222,Italiano,ELEMENTARY
1223,Portugues,NATIVE_OR_BILINGUAL
1224,Español,NATIVE_OR_BILINGUAL
1225,Ingles,FULL_PROFESSIONAL
1226,Portugues,PROFESSIONAL_WORKING
1227,English,PROFESSIONAL_WORKING
1228,Español,NATIVE_OR_BILINGUAL
1229,Français,FULL_PROFESSIONAL
1230,Español,NATIVE_OR_BILINGUAL
1231,Inglés,FULL_PROFESSIONAL
1232,Español,NATIVE_OR_BILINGUAL
1233,Francés,PROFESSIONAL_WORKING
1234,Inglés,PROFESSIONAL_WORKING
1235,Español,None
1236,Inglés,None
1237,Español,NATIVE_OR_BILINGUAL
1238,Francés,LIMITED_WORKING
1239,Inglés,FULL_PROFESSIONAL
1240,Japonés,ELEMENTARY
1241,Inglés,FULL_PROFESSIONAL
1242,Sueco,ELEMENTARY
1243,Alemán,FULL_PROFESSIONAL
1244,Español,NATIVE_OR_BILINGUAL
1245,Inglés,FULL_PROFESSIONAL
1246,Francés,ELEMENTARY
1247,Inglés,None
1248,Español,NATIVE_OR_BILINGUAL
1249,Inglés,PROFESSIONAL_WORKING
1250,Inglés,NATIVE_OR_BILINGUAL
1251,Español,NATIVE_OR_BILINGUAL
1252,Inglés,PROFESSIONAL_WORKING
1253,Anglais,None
1254,Espagnol,None
1255,Français,None
1256,English,PROFESSIONAL_WORKING
1257,Spanish,NATIVE_OR_BILINGUAL
1258,Inglés,None
1259,Español,NATIVE_OR_BILINGUAL
1260,Francés,FULL_PROFESSIONAL
1261,Inglés,FULL_PROFESSIONAL
1262,Inglés,FULL_PROFESSIONAL
1263,Español,NATIVE_OR_BILINGUAL
1264,Inglés,PROFESSIONAL_WORKING
1265,English,FULL_PROFESSIONAL
1266,French,NATIVE_OR_BILINGUAL
1267,Italian,PROFESSIONAL_WORKING
1268,Spanish,NATIVE_OR_BILINGUAL
1269,Alemán,FULL_PROFESSIONAL
1270,Inglés,FULL_PROFESSIONAL
1271,Italiano,PROFESSIONAL_WORKING
1272,Inglés,FULL_PROFESSIONAL
1273,English,NATIVE_OR_BILINGUAL
1274,Español,NATIVE_OR_BILINGUAL
1275,Français,FULL_PROFESSIONAL
1276,Español,NATIVE_OR_BILINGUAL
1277,Inglés,PROFESSIONAL_WORKING
1278,Español,NATIVE_OR_BILINGUAL
1279,Inglés,PROFESSIONAL_WORKING
1280,Español,NATIVE_OR_BILINGUAL
1281,Francés,FULL_PROFESSIONAL
1282,Inglés,FULL_PROFESSIONAL
1283,English,FULL_PROFESSIONAL
1284,Francés,LIMITED_WORKING
1285,Italian,PROFESSIONAL_WORKING
1286,Portuguese,PROFESSIONAL_WORKING
1287,Spanish,NATIVE_OR_BILINGUAL
1288,Inglés,FULL_PROFESSIONAL
1289,Español,NATIVE_OR_BILINGUAL
1290,Francés,LIMITED_WORKING
1291,Inglés,PROFESSIONAL_WORKING
1292,English,FULL_PROFESSIONAL
1293,Spanish,NATIVE_OR_BILINGUAL
1294,English,FULL_PROFESSIONAL
1295,French,ELEMENTARY
1296,Spanish,NATIVE_OR_BILINGUAL
1297,Alemán,LIMITED_WORKING
1298,Español,NATIVE_OR_BILINGUAL
1299,Inglés,FULL_PROFESSIONAL
1300,Alemán,LIMITED_WORKING
1301,Español,NATIVE_OR_BILINGUAL
1302,Inglés,PROFESSIONAL_WORKING
1303,English,None
1304,Inglés,FULL_PROFESSIONAL
1305,Spanish,NATIVE_OR_BILINGUAL
1306,English,FULL_PROFESSIONAL
1307,Portugués,ELEMENTARY
1308,Spanish,NATIVE_OR_BILINGUAL
1309,Español,NATIVE_OR_BILINGUAL
1310,Frances,FULL_PROFESSIONAL
1311,Ingles,FULL_PROFESSIONAL
1312,Español,NATIVE_OR_BILINGUAL
1313,ingles,PROFESSIONAL_WORKING
1314,Español,NATIVE_OR_BILINGUAL
1315,Francés,FULL_PROFESSIONAL
1316,Inglés,FULL_PROFESSIONAL
1317,Italiano,PROFESSIONAL_WORKING
1318,Portugués,PROFESSIONAL_WORKING
1319,Inglés,PROFESSIONAL_WORKING
1320,Español,NATIVE_OR_BILINGUAL
1321,Inglés,NATIVE_OR_BILINGUAL
1322,Portugués,ELEMENTARY
1323,Español,NATIVE_OR_BILINGUAL
1324,Inglés,FULL_PROFESSIONAL
1325,Alemán,ELEMENTARY
1326,Inglés,PROFESSIONAL_WORKING
1327,English,NATIVE_OR_BILINGUAL
1328,Spanish,NATIVE_OR_BILINGUAL
1329,Español,NATIVE_OR_BILINGUAL
1330,Inglés,FULL_PROFESSIONAL
1331,Español,None
1332,Inglés,None
1333,Español,NATIVE_OR_BILINGUAL
1334,Francés,FULL_PROFESSIONAL
1335,Inglés,PROFESSIONAL_WORKING
1336,English,None
1337,French,None
1338,Portuguese,None
1339,Spanish,NATIVE_OR_BILINGUAL
1340,Español,NATIVE_OR_BILINGUAL
1341,Inglés,LIMITED_WORKING
1342,Japonés,ELEMENTARY
1343,Español,NATIVE_OR_BILINGUAL
1344,Inglés,FULL_PROFESSIONAL
1345,Español,None
1346,Inglés,None
1347,Español,NATIVE_OR_BILINGUAL
1348,Inglés,PROFESSIONAL_WORKING
1349,English,PROFESSIONAL_WORKING
1350,German,PROFESSIONAL_WORKING
1351,Spanish,NATIVE_OR_BILINGUAL
1352,Español,NATIVE_OR_BILINGUAL
1353,Inglés,FULL_PROFESSIONAL
1354,Español,NATIVE_OR_BILINGUAL
1355,Inglés,PROFESSIONAL_WORKING
1356,Español,NATIVE_OR_BILINGUAL
1357,Inglés,PROFESSIONAL_WORKING
1358,Español,NATIVE_OR_BILINGUAL
1359,Francés,PROFESSIONAL_WORKING
1360,Inglés,NATIVE_OR_BILINGUAL
1361,Italiano,ELEMENTARY
1362,Portugués,PROFESSIONAL_WORKING
1363,Inglés,LIMITED_WORKING
1364,Inglés,PROFESSIONAL_WORKING
1365,Español,NATIVE_OR_BILINGUAL
1366,Francés,PROFESSIONAL_WORKING
1367,Ingles,LIMITED_WORKING
1368,Inglés,FULL_PROFESSIONAL
1369,Inglés,PROFESSIONAL_WORKING
1370,Español,NATIVE_OR_BILINGUAL
1371,Inglés,PROFESSIONAL_WORKING
1372,Italiano,FULL_PROFESSIONAL
1373,English,LIMITED_WORKING
1374,Spanish,NATIVE_OR_BILINGUAL
1375,Alemán,PROFESSIONAL_WORKING
1376,Español,NATIVE_OR_BILINGUAL
1377,Inglés,NATIVE_OR_BILINGUAL
1378,Portugués,FULL_PROFESSIONAL
1379,Chinese,ELEMENTARY
1380,English,FULL_PROFESSIONAL
1381,French,ELEMENTARY
1382,Español,NATIVE_OR_BILINGUAL
1383,Inglés,PROFESSIONAL_WORKING
1384,English,FULL_PROFESSIONAL
1385,French,LIMITED_WORKING
1386,Spanish,NATIVE_OR_BILINGUAL
1387,Alemán,None
1388,Español,None
1389,Inglés,None
1390,Español,NATIVE_OR_BILINGUAL
1391,Francés,LIMITED_WORKING
1392,Inglés,PROFESSIONAL_WORKING
1393,Español,NATIVE_OR_BILINGUAL
1394,Inglés,NATIVE_OR_BILINGUAL
1395,Español,NATIVE_OR_BILINGUAL
1396,Francés,LIMITED_WORKING
1397,Inglés,PROFESSIONAL_WORKING
1398,English,FULL_PROFESSIONAL
1399,German,PROFESSIONAL_WORKING
1400,Italian,ELEMENTARY
1401,Spanish,NATIVE_OR_BILINGUAL
1402,Inglés,PROFESSIONAL_WORKING
1403,Portugués,ELEMENTARY
1404,Español,NATIVE_OR_BILINGUAL
1405,Inglés,FULL_PROFESSIONAL
1406,"English, TOEFL iBT - 91/120",FULL_PROFESSIONAL
1407,German - TestDaF [C1],FULL_PROFESSIONAL
1408,Spanish,NATIVE_OR_BILINGUAL
1409,English,NATIVE_OR_BILINGUAL
1410,French,FULL_PROFESSIONAL
1411,Spanish,NATIVE_OR_BILINGUAL
1412,Anglais,PROFESSIONAL_WORKING
1413,Espagnol,NATIVE_OR_BILINGUAL
1414,Français,FULL_PROFESSIONAL
1415,Español,None
1416,Inglés,None
1417,Inglés,PROFESSIONAL_WORKING
1418,English,FULL_PROFESSIONAL
1419,Spanish,NATIVE_OR_BILINGUAL
1420,English,PROFESSIONAL_WORKING
1421,Spanish,NATIVE_OR_BILINGUAL
1422,Español,NATIVE_OR_BILINGUAL
1423,Inglés,FULL_PROFESSIONAL
1424,Inglés,PROFESSIONAL_WORKING
1425,Español,None
1426,Inglés,None
1427,Portugués,None
1428,Español,NATIVE_OR_BILINGUAL
1429,Inglés,PROFESSIONAL_WORKING
1430,Español,NATIVE_OR_BILINGUAL
1431,Inglés,FULL_PROFESSIONAL
1432,Portugués,FULL_PROFESSIONAL
1433,English,FULL_PROFESSIONAL
1434,Italian,PROFESSIONAL_WORKING
1435,Spanish,NATIVE_OR_BILINGUAL
1436,Alemán,PROFESSIONAL_WORKING
1437,Inglés,FULL_PROFESSIONAL
1438,Ruso,LIMITED_WORKING
1439,Inglés,PROFESSIONAL_WORKING
1440,Español,NATIVE_OR_BILINGUAL
1441,Inglés,ELEMENTARY
1442,Inglés,None
1443,Alemán,ELEMENTARY
1444,Español,NATIVE_OR_BILINGUAL
1445,Inglés,FULL_PROFESSIONAL
1446,Inglés,FULL_PROFESSIONAL
1447,Ingles,PROFESSIONAL_WORKING
1448,Anglais,PROFESSIONAL_WORKING
1449,Espagnol,NATIVE_OR_BILINGUAL
1450,Français,FULL_PROFESSIONAL
1451,German,ELEMENTARY
1452,English,FULL_PROFESSIONAL
1453,Spanish,NATIVE_OR_BILINGUAL
1454,Español,NATIVE_OR_BILINGUAL
1455,Inglés,PROFESSIONAL_WORKING
1456,Inglés,NATIVE_OR_BILINGUAL
1457,Italiano,PROFESSIONAL_WORKING
1458,Francés,FULL_PROFESSIONAL
1459,Ingles,None
1460,English,PROFESSIONAL_WORKING
1461,Spanish,NATIVE_OR_BILINGUAL
1462,Ingles,NATIVE_OR_BILINGUAL
1463,English,FULL_PROFESSIONAL
1464,French,NATIVE_OR_BILINGUAL
1465,German,ELEMENTARY
1466,Spanish,NATIVE_OR_BILINGUAL
1467,Alemán,PROFESSIONAL_WORKING
1468,Español,NATIVE_OR_BILINGUAL
1469,Francés,PROFESSIONAL_WORKING
1470,Inglés,FULL_PROFESSIONAL
1471,Italiano,ELEMENTARY
1472,Francés,None
1473,Inglés,None
1474,Español,NATIVE_OR_BILINGUAL
1475,Francés,PROFESSIONAL_WORKING
1476,Inglés,FULL_PROFESSIONAL
1477,Italiano,ELEMENTARY
1478,Inglés,PROFESSIONAL_WORKING
1479,Español,NATIVE_OR_BILINGUAL
1480,Inglés,PROFESSIONAL_WORKING
1481,Portugués,ELEMENTARY
1482,Español,NATIVE_OR_BILINGUAL
1483,Inglés,PROFESSIONAL_WORKING
1484,Francés,None
1485,Inglés,None
1486,Alemán,FULL_PROFESSIONAL
1487,Español,NATIVE_OR_BILINGUAL
1488,Inglés,FULL_PROFESSIONAL
1489,Portugués,LIMITED_WORKING
1490,Español,NATIVE_OR_BILINGUAL
1491,Ingles,FULL_PROFESSIONAL
1492,Español,NATIVE_OR_BILINGUAL
1493,Inglés,PROFESSIONAL_WORKING
1494,Inglés,PROFESSIONAL_WORKING
1495,English,PROFESSIONAL_WORKING
1496,Español,NATIVE_OR_BILINGUAL
1497,Italian,PROFESSIONAL_WORKING
1498,Español,NATIVE_OR_BILINGUAL
1499,Inglés,NATIVE_OR_BILINGUAL
1500,Japonés,ELEMENTARY
1501,Español,NATIVE_OR_BILINGUAL
1502,Inglés,FULL_PROFESSIONAL
1503,Alemán,ELEMENTARY
1504,Español,NATIVE_OR_BILINGUAL
1505,Inglés,FULL_PROFESSIONAL
1506,Español,NATIVE_OR_BILINGUAL
1507,Inglés,FULL_PROFESSIONAL
1508,Alemán,LIMITED_WORKING
1509,Español,NATIVE_OR_BILINGUAL
1510,Inglés,PROFESSIONAL_WORKING
1511,Español,NATIVE_OR_BILINGUAL
1512,Inglés,PROFESSIONAL_WORKING
1513,Alemán,LIMITED_WORKING
1514,Español,NATIVE_OR_BILINGUAL
1515,Inglés,FULL_PROFESSIONAL
1516,Russian,ELEMENTARY
1517,English,FULL_PROFESSIONAL
1518,French,LIMITED_WORKING
1519,German,FULL_PROFESSIONAL
1520,Italian,FULL_PROFESSIONAL
1521,Spanish,NATIVE_OR_BILINGUAL
1522,Alemán,LIMITED_WORKING
1523,Español,NATIVE_OR_BILINGUAL
1524,Inglés,FULL_PROFESSIONAL
1525,Español,NATIVE_OR_BILINGUAL
1526,Francés,ELEMENTARY
1527,Inglés,PROFESSIONAL_WORKING
1528,Portugués,PROFESSIONAL_WORKING
1529,Aleman,ELEMENTARY
1530,Español,NATIVE_OR_BILINGUAL
1531,Ingles,PROFESSIONAL_WORKING
1532,English,PROFESSIONAL_WORKING
1533,Spanish,NATIVE_OR_BILINGUAL
1534,Español,NATIVE_OR_BILINGUAL
1535,Francés,PROFESSIONAL_WORKING
1536,Inglés,FULL_PROFESSIONAL
1537,Español,NATIVE_OR_BILINGUAL
1538,Inglés,PROFESSIONAL_WORKING
1539,Español,None
1540,Inglés - Nivel avanzado,None
1541,Español,NATIVE_OR_BILINGUAL
1542,Inglés,FULL_PROFESSIONAL
1543,Italiano,LIMITED_WORKING
1544,English,PROFESSIONAL_WORKING
1545,Español,NATIVE_OR_BILINGUAL
1546,Português,FULL_PROFESSIONAL
1547,Español,NATIVE_OR_BILINGUAL
1548,Francés,FULL_PROFESSIONAL
1549,Inglés,FULL_PROFESSIONAL
1550,Anglais,FULL_PROFESSIONAL
1551,Espagnol,NATIVE_OR_BILINGUAL
1552,Français,FULL_PROFESSIONAL
1553,Español,NATIVE_OR_BILINGUAL
1554,Inglés,PROFESSIONAL_WORKING
1555,Español,NATIVE_OR_BILINGUAL
1556,Francés - DELF B2 (2015),LIMITED_WORKING
1557,Inglés - IELTS 6.5 (2022),PROFESSIONAL_WORKING
1558,English,FULL_PROFESSIONAL
1559,French,LIMITED_WORKING
1560,Spanish,NATIVE_OR_BILINGUAL
1561,Ingles,None
1562,Español,NATIVE_OR_BILINGUAL
1563,Inglés,PROFESSIONAL_WORKING
1564,Alemán,FULL_PROFESSIONAL
1565,Español,NATIVE_OR_BILINGUAL
1566,Inglés,NATIVE_OR_BILINGUAL
1567,Inglés,None
1568,"English, Middle (1100-1500)",None
1569,Español,NATIVE_OR_BILINGUAL
1570,Inglés,LIMITED_WORKING
1571,Inglés,PROFESSIONAL_WORKING
1572,Italiano,PROFESSIONAL_WORKING
1573,Español,NATIVE_OR_BILINGUAL
1574,Inglés,FULL_PROFESSIONAL
1575,Alemán,LIMITED_WORKING
1576,English,FULL_PROFESSIONAL
1577,French,PROFESSIONAL_WORKING
1578,Portuguese,FULL_PROFESSIONAL
1579,Spanish,NATIVE_OR_BILINGUAL
1580,Español,NATIVE_OR_BILINGUAL
1581,Ingles,PROFESSIONAL_WORKING
1582,Alemán,PROFESSIONAL_WORKING
1583,Español,NATIVE_OR_BILINGUAL
1584,Inglés,PROFESSIONAL_WORKING
1585,Inglés,PROFESSIONAL_WORKING
1586,English,PROFESSIONAL_WORKING
1587,Italian,PROFESSIONAL_WORKING
1588,Spanish,NATIVE_OR_BILINGUAL
1589,Español,NATIVE_OR_BILINGUAL
1590,Francés,ELEMENTARY
1591,Inglés,PROFESSIONAL_WORKING
1592,Alemán,ELEMENTARY
1593,Español,NATIVE_OR_BILINGUAL
1594,Inglés,PROFESSIONAL_WORKING
1595,English,FULL_PROFESSIONAL
1596,French,PROFESSIONAL_WORKING
1597,German,FULL_PROFESSIONAL
1598,Spanish,NATIVE_OR_BILINGUAL
1599,Español,NATIVE_OR_BILINGUAL
1600,Inglés,PROFESSIONAL_WORKING
1601,Español,NATIVE_OR_BILINGUAL
1602,Inglés,PROFESSIONAL_WORKING
1603,Inglés,PROFESSIONAL_WORKING
1604,Español,None
1605,Inglés,None
1606,Italiano,ELEMENTARY
1607,English,FULL_PROFESSIONAL
1608,French,NATIVE_OR_BILINGUAL
1609,Italian,PROFESSIONAL_WORKING
1610,Spanish,NATIVE_OR_BILINGUAL
1611,Español,NATIVE_OR_BILINGUAL
1612,Inglés,PROFESSIONAL_WORKING
1613,Español,NATIVE_OR_BILINGUAL
1614,Francés,LIMITED_WORKING
1615,Inglés,FULL_PROFESSIONAL
1616,Portugués,LIMITED_WORKING
1617,Español,None
1618,ingles,None
1619,English,NATIVE_OR_BILINGUAL
1620,Spanish,NATIVE_OR_BILINGUAL
1621,Inglés,None
1622,English,PROFESSIONAL_WORKING
1623,German,LIMITED_WORKING
1624,Spanish,NATIVE_OR_BILINGUAL
1625,English,FULL_PROFESSIONAL
1626,Spanish,NATIVE_OR_BILINGUAL
1627,Inglés,PROFESSIONAL_WORKING
1628,Inglés,None
1629,Alemán,PROFESSIONAL_WORKING
1630,Español,NATIVE_OR_BILINGUAL
1631,Inglés,FULL_PROFESSIONAL
1632,English,LIMITED_WORKING
1633,German,FULL_PROFESSIONAL
1634,Spanish,NATIVE_OR_BILINGUAL
1635,Deutsch,FULL_PROFESSIONAL
1636,Englisch,NATIVE_OR_BILINGUAL
1637,Portugiesisch,ELEMENTARY
1638,Spanisch,NATIVE_OR_BILINGUAL
1639,Español,NATIVE_OR_BILINGUAL
1640,Francés,PROFESSIONAL_WORKING
1641,Inglés,FULL_PROFESSIONAL
1642,Español,NATIVE_OR_BILINGUAL
1643,Inglés,PROFESSIONAL_WORKING
1644,Inglés,PROFESSIONAL_WORKING
1645,English,None
1646,Spanish,NATIVE_OR_BILINGUAL
1647,English,FULL_PROFESSIONAL
1648,Italian,FULL_PROFESSIONAL
1649,Spanish,NATIVE_OR_BILINGUAL
1650,Alemán,ELEMENTARY
1651,Inglés,FULL_PROFESSIONAL
1652,English,PROFESSIONAL_WORKING
1653,French,FULL_PROFESSIONAL
1654,Spanish,NATIVE_OR_BILINGUAL
1655,Español,NATIVE_OR_BILINGUAL
1656,Inglés,FULL_PROFESSIONAL
1657,English,FULL_PROFESSIONAL
1658,Hindi,ELEMENTARY
1659,Portuguese,PROFESSIONAL_WORKING
1660,Spanish,NATIVE_OR_BILINGUAL
1661,Francés,ELEMENTARY
1662,Ingles,FULL_PROFESSIONAL
1663,Español,NATIVE_OR_BILINGUAL
1664,Inglés,ELEMENTARY
1665,Español,NATIVE_OR_BILINGUAL
1666,Inglés,ELEMENTARY
1667,Inglés,PROFESSIONAL_WORKING
1668,Italiano,LIMITED_WORKING
1669,Alemán,None
1670,Inglés,None
1671,Español,NATIVE_OR_BILINGUAL
1672,Inglés,PROFESSIONAL_WORKING
1673,Español,NATIVE_OR_BILINGUAL
1674,Inglés,FULL_PROFESSIONAL
1675,Portugués,PROFESSIONAL_WORKING
1676,Español,NATIVE_OR_BILINGUAL
1677,Ingles,FULL_PROFESSIONAL
1678,Italiano,FULL_PROFESSIONAL
1679,English,PROFESSIONAL_WORKING
1680,Portuguese,LIMITED_WORKING
1681,Spanish,NATIVE_OR_BILINGUAL
1682,Español,NATIVE_OR_BILINGUAL
1683,Francés,FULL_PROFESSIONAL
1684,Inglés,FULL_PROFESSIONAL
1685,Italiano,PROFESSIONAL_WORKING
1686,Inglés,LIMITED_WORKING
1687,Alemán,LIMITED_WORKING
1688,Español,NATIVE_OR_BILINGUAL
1689,Francés,PROFESSIONAL_WORKING
1690,Inglés,NATIVE_OR_BILINGUAL
1691,English,PROFESSIONAL_WORKING
1692,French,PROFESSIONAL_WORKING
1693,Spanish,NATIVE_OR_BILINGUAL
1694,Alemán,None
1695,Español,None
1696,Inglés,None
1697,Español,NATIVE_OR_BILINGUAL
1698,Inglés,FULL_PROFESSIONAL
1699,Italiano,PROFESSIONAL_WORKING
1700,English,FULL_PROFESSIONAL
1701,Español,NATIVE_OR_BILINGUAL
1702,Español,NATIVE_OR_BILINGUAL
1703,Inglés,PROFESSIONAL_WORKING
1704,Allemand,ELEMENTARY
1705,Anglais,PROFESSIONAL_WORKING
1706,Espagnol,NATIVE_OR_BILINGUAL
1707,Français,PROFESSIONAL_WORKING
1708,Italien,PROFESSIONAL_WORKING
1709,Español,NATIVE_OR_BILINGUAL
1710,Francés,PROFESSIONAL_WORKING
1711,Inglés,FULL_PROFESSIONAL
1712,"Creoles and pidgins, English-based",None
1713,English,NATIVE_OR_BILINGUAL
1714,Japanese,None
1715,Spanish,NATIVE_OR_BILINGUAL
1716,Español,NATIVE_OR_BILINGUAL
1717,Francés,LIMITED_WORKING
1718,Inglés,FULL_PROFESSIONAL
1719,English,FULL_PROFESSIONAL
1720,Italian,FULL_PROFESSIONAL
1721,Spanish,NATIVE_OR_BILINGUAL
1722,Español,NATIVE_OR_BILINGUAL
1723,Inglés,FULL_PROFESSIONAL
1724,Portugués,ELEMENTARY
1725,Inglés,PROFESSIONAL_WORKING
1726,Alemán,FULL_PROFESSIONAL
1727,Inglés,FULL_PROFESSIONAL
1728,English,FULL_PROFESSIONAL
1729,Portuguese,ELEMENTARY
1730,Spanish,NATIVE_OR_BILINGUAL
1731,English,FULL_PROFESSIONAL
1732,French,PROFESSIONAL_WORKING
1733,German,FULL_PROFESSIONAL
1734,Spanish,NATIVE_OR_BILINGUAL
1735,Inglés,NATIVE_OR_BILINGUAL
1736,Spanish,NATIVE_OR_BILINGUAL
1737,Alemán,LIMITED_WORKING
1738,Español,NATIVE_OR_BILINGUAL
1739,Inglés,NATIVE_OR_BILINGUAL
1740,English,PROFESSIONAL_WORKING
1741,Spanish,NATIVE_OR_BILINGUAL
1742,Español,NATIVE_OR_BILINGUAL
1743,Inglés,PROFESSIONAL_WORKING
1744,Italiano,PROFESSIONAL_WORKING
1745,English,FULL_PROFESSIONAL
1746,French,LIMITED_WORKING
1747,Inglés,PROFESSIONAL_WORKING
1748,Español,NATIVE_OR_BILINGUAL
1749,Inglés,FULL_PROFESSIONAL
1750,Alemán,LIMITED_WORKING
1751,Español,NATIVE_OR_BILINGUAL
1752,Inglés,NATIVE_OR_BILINGUAL
1753,Japonés,LIMITED_WORKING
1754,Español,NATIVE_OR_BILINGUAL
1755,Ingles,PROFESSIONAL_WORKING
1756,English,NATIVE_OR_BILINGUAL
1757,Französisch,ELEMENTARY
1758,German,PROFESSIONAL_WORKING
1759,Italian,PROFESSIONAL_WORKING
1760,Spanish,NATIVE_OR_BILINGUAL
1761,Español,NATIVE_OR_BILINGUAL
1762,Inglés,ELEMENTARY
1763,Portugués,PROFESSIONAL_WORKING
1764,Aleman,LIMITED_WORKING
1765,Inglés,PROFESSIONAL_WORKING
1766,English,PROFESSIONAL_WORKING
1767,"German, Middle High (ca.1050-1500)",PROFESSIONAL_WORKING
1768,Spanish,NATIVE_OR_BILINGUAL
1769,English,FULL_PROFESSIONAL
1770,French,LIMITED_WORKING
1771,German,PROFESSIONAL_WORKING
1772,Spanish,NATIVE_OR_BILINGUAL
1773,English,FULL_PROFESSIONAL
1774,Spanish,NATIVE_OR_BILINGUAL
1775,Espagnol,NATIVE_OR_BILINGUAL
1776,Francés,None
1777,Inglés,None
1778,Inglés,PROFESSIONAL_WORKING
1779,Alemán,ELEMENTARY
1780,Inglés,PROFESSIONAL_WORKING
1781,English,PROFESSIONAL_WORKING
1782,Portuguese,FULL_PROFESSIONAL
1783,Spanish,NATIVE_OR_BILINGUAL
1784,Español,None
1785,Inglés,None
1786,Alemán,None
1787,Español,None
1788,Inglés,None
1789,Español,NATIVE_OR_BILINGUAL
1790,Inglés,FULL_PROFESSIONAL
1791,Español,NATIVE_OR_BILINGUAL
1792,Inglés,NATIVE_OR_BILINGUAL
1793,Portugués,ELEMENTARY
1794,Alemán,LIMITED_WORKING
1795,Español,NATIVE_OR_BILINGUAL
1796,Francés,LIMITED_WORKING
1797,Inglés,PROFESSIONAL_WORKING
1798,English,PROFESSIONAL_WORKING
1799,German,FULL_PROFESSIONAL
1800,Spanish,NATIVE_OR_BILINGUAL
1801,Inglés,None
1802,Ingles,PROFESSIONAL_WORKING
1803,Español,None
1804,Inglés,None
1805,Español,NATIVE_OR_BILINGUAL
1806,Inglés,PROFESSIONAL_WORKING
1807,Portugués,PROFESSIONAL_WORKING
1808,Español,NATIVE_OR_BILINGUAL
1809,Inglés,FULL_PROFESSIONAL
1810,Español,NATIVE_OR_BILINGUAL
1811,Francés,PROFESSIONAL_WORKING
1812,Inglés,FULL_PROFESSIONAL
1813,English,LIMITED_WORKING
1814,Spanish,NATIVE_OR_BILINGUAL
1815,Alemán,PROFESSIONAL_WORKING
1816,English,PROFESSIONAL_WORKING
1817,Español,NATIVE_OR_BILINGUAL
1818,English,PROFESSIONAL_WORKING
1819,Spanish,NATIVE_OR_BILINGUAL
1820,Inglés,FULL_PROFESSIONAL
1821,English,PROFESSIONAL_WORKING
1822,Spanish,NATIVE_OR_BILINGUAL
1823,Alemán,FULL_PROFESSIONAL
1824,Español,NATIVE_OR_BILINGUAL
1825,Inglés,NATIVE_OR_BILINGUAL
1826,Alemán,PROFESSIONAL_WORKING
1827,Inglés,FULL_PROFESSIONAL
1828,Ruso,ELEMENTARY
1829,Inglés,PROFESSIONAL_WORKING
1830,Inglés,FULL_PROFESSIONAL
1831,Portuguese,LIMITED_WORKING
1832,Español,NATIVE_OR_BILINGUAL
1833,Inglés,NATIVE_OR_BILINGUAL
1834,Español,None
1835,Inglés,None
1836,Alemán,ELEMENTARY
1837,Español,NATIVE_OR_BILINGUAL
1838,Francés,LIMITED_WORKING
1839,Inglés,NATIVE_OR_BILINGUAL
1840,Inglés,PROFESSIONAL_WORKING
1841,Español,NATIVE_OR_BILINGUAL
1842,Inglés,PROFESSIONAL_WORKING
1843,Inglés,PROFESSIONAL_WORKING
1844,Portugués,ELEMENTARY
1845,English,PROFESSIONAL_WORKING
1846,Alemán,PROFESSIONAL_WORKING
1847,Español,NATIVE_OR_BILINGUAL
1848,Inglés,PROFESSIONAL_WORKING
1849,Español,NATIVE_OR_BILINGUAL
1850,Inglés,ELEMENTARY
1851,Inglés,PROFESSIONAL_WORKING
1852,Spanish,NATIVE_OR_BILINGUAL
1853,Español,NATIVE_OR_BILINGUAL
1854,Inglés,PROFESSIONAL_WORKING
1855,Alemán,PROFESSIONAL_WORKING
1856,Español,NATIVE_OR_BILINGUAL
1857,Inglés,FULL_PROFESSIONAL
1858,English,NATIVE_OR_BILINGUAL
1859,German,PROFESSIONAL_WORKING
1860,Spanish,NATIVE_OR_BILINGUAL
1861,Alemán,PROFESSIONAL_WORKING
1862,Español,NATIVE_OR_BILINGUAL
1863,Francés,PROFESSIONAL_WORKING
1864,Inglés,FULL_PROFESSIONAL
1865,Italiano,ELEMENTARY
1866,Alemán,PROFESSIONAL_WORKING
1867,Español,NATIVE_OR_BILINGUAL
1868,Inglés,FULL_PROFESSIONAL
1869,English,PROFESSIONAL_WORKING
1870,Español,NATIVE_OR_BILINGUAL
1871,Portugués,LIMITED_WORKING
1872,Español,NATIVE_OR_BILINGUAL
1873,Francés,PROFESSIONAL_WORKING
1874,Inglés,FULL_PROFESSIONAL
1875,Inglés,PROFESSIONAL_WORKING
1876,Italiano,LIMITED_WORKING
1877,Español,NATIVE_OR_BILINGUAL
1878,Inglés,FULL_PROFESSIONAL
1879,Español,NATIVE_OR_BILINGUAL
1880,Francés,None
1881,Inglés,None
1882,Español,NATIVE_OR_BILINGUAL
1883,Inglés,FULL_PROFESSIONAL
1884,Inglés,PROFESSIONAL_WORKING
1885,English,PROFESSIONAL_WORKING
1886,Spanish,NATIVE_OR_BILINGUAL
1887,Español,NATIVE_OR_BILINGUAL
1888,Inglés,LIMITED_WORKING
1889,Español,NATIVE_OR_BILINGUAL
1890,Francés,PROFESSIONAL_WORKING
1891,Inglés,PROFESSIONAL_WORKING
1892,Español,None
1893,Inglés,None
1894,Inglés,PROFESSIONAL_WORKING
1895,Alemán ,FULL_PROFESSIONAL
1896,Español,NATIVE_OR_BILINGUAL
1897,Inglés ,PROFESSIONAL_WORKING
1898,Portugués ,ELEMENTARY
1899,English,FULL_PROFESSIONAL
1900,Italian,PROFESSIONAL_WORKING
1901,Spanish,NATIVE_OR_BILINGUAL
1902,Español,NATIVE_OR_BILINGUAL
1903,Francés,FULL_PROFESSIONAL
1904,Inglés,FULL_PROFESSIONAL
1905,Italiano,PROFESSIONAL_WORKING
1906,Portugués,PROFESSIONAL_WORKING
1907,English,FULL_PROFESSIONAL
1908,Italian,LIMITED_WORKING
1909,Spanish,NATIVE_OR_BILINGUAL
1910,Español,NATIVE_OR_BILINGUAL
1911,Inglés,FULL_PROFESSIONAL
1912,Español,None
1913,Inglés,None
1914,Español,NATIVE_OR_BILINGUAL
1915,Inglés,PROFESSIONAL_WORKING
1916,Inglés,None
1917,English,PROFESSIONAL_WORKING
1918,Español,NATIVE_OR_BILINGUAL
1919,日本語,PROFESSIONAL_WORKING
1920,Deutsch,FULL_PROFESSIONAL
1921,Englisch,FULL_PROFESSIONAL
1922,Italienisch,PROFESSIONAL_WORKING
1923,Portugiesisch,ELEMENTARY
1924,Spanisch,NATIVE_OR_BILINGUAL
1925,Alemán,PROFESSIONAL_WORKING
1926,Inglés,PROFESSIONAL_WORKING
1927,Inglés,PROFESSIONAL_WORKING
1928,English,None
1929,French,None
1930,Portuguese,None
1931,Spanish,NATIVE_OR_BILINGUAL
1932,Inglés,NATIVE_OR_BILINGUAL
1933,Español,NATIVE_OR_BILINGUAL
1934,Inglés,ELEMENTARY
1935,Español,NATIVE_OR_BILINGUAL
1936,Inglés,PROFESSIONAL_WORKING
1937,Inglés,NATIVE_OR_BILINGUAL
1938,Portugués,LIMITED_WORKING
1939,Ingles,None
1940,Español,NATIVE_OR_BILINGUAL
1941,Inglés,FULL_PROFESSIONAL
1942,Portuguese,LIMITED_WORKING
1943,Alemán,PROFESSIONAL_WORKING
1944,Inglés,NATIVE_OR_BILINGUAL
1945,Español,None
1946,Inglés,None
1947,Coreano,ELEMENTARY
1948,Español,NATIVE_OR_BILINGUAL
1949,Inglés,PROFESSIONAL_WORKING
1950,Español,None
1951,Inglés,None
1952,Español,NATIVE_OR_BILINGUAL
1953,Francés,FULL_PROFESSIONAL
1954,Inglés,PROFESSIONAL_WORKING
1955,English,FULL_PROFESSIONAL
1956,Spanish,NATIVE_OR_BILINGUAL
1957,English,FULL_PROFESSIONAL
1958,Francés,LIMITED_WORKING
1959,Italiano,LIMITED_WORKING
1960,Spanish,NATIVE_OR_BILINGUAL
1961,Coreano,LIMITED_WORKING
1962,Inglés,PROFESSIONAL_WORKING
1963,Alemán,PROFESSIONAL_WORKING
1964,Español,NATIVE_OR_BILINGUAL
1965,Inglés,PROFESSIONAL_WORKING
1966,English,None
1967,Español,None
1968,Español,NATIVE_OR_BILINGUAL
1969,Inglés,PROFESSIONAL_WORKING
1970,Español,NATIVE_OR_BILINGUAL
1971,Inglés,FULL_PROFESSIONAL
1972,English,None
1973,Spanish,None
1974,English,PROFESSIONAL_WORKING
1975,German,PROFESSIONAL_WORKING
1976,Spanish,NATIVE_OR_BILINGUAL
1977,English,PROFESSIONAL_WORKING
1978,Español,NATIVE_OR_BILINGUAL
1979,Inglés,PROFESSIONAL_WORKING
1980,Inglés,PROFESSIONAL_WORKING
1981,English,FULL_PROFESSIONAL
1982,Spanish,NATIVE_OR_BILINGUAL
1983,English,FULL_PROFESSIONAL
1984,Spanish,NATIVE_OR_BILINGUAL
1985,English,FULL_PROFESSIONAL
1986,German,ELEMENTARY
1987,Spanish,NATIVE_OR_BILINGUAL
1988,Alemán,FULL_PROFESSIONAL
1989,Español,NATIVE_OR_BILINGUAL
1990,Inglés,FULL_PROFESSIONAL
1991,Inglés,PROFESSIONAL_WORKING
1992,English,PROFESSIONAL_WORKING
1993,Español,NATIVE_OR_BILINGUAL
1994,Portugués,ELEMENTARY
1995,Francés,FULL_PROFESSIONAL
1996,Inglés,PROFESSIONAL_WORKING
1997,Español,NATIVE_OR_BILINGUAL
1998,Francés,PROFESSIONAL_WORKING
1999,Inglés,NATIVE_OR_BILINGUAL
2000,Español,NATIVE_OR_BILINGUAL
2001,Inglés,PROFESSIONAL_WORKING
2002,Deutsch,None
2003,Englisch,None
2004,Spanisch,None
2005,Español,NATIVE_OR_BILINGUAL
2006,Francés,FULL_PROFESSIONAL
2007,Inglés,PROFESSIONAL_WORKING
2008,Español,NATIVE_OR_BILINGUAL
2009,Frances,PROFESSIONAL_WORKING
2010,Ingles,PROFESSIONAL_WORKING
2011,Espagnol,NATIVE_OR_BILINGUAL
2012,Francés,None
2013,Inglés,None
2014,Español,NATIVE_OR_BILINGUAL
2015,Ingles,FULL_PROFESSIONAL
2016,Portugués,FULL_PROFESSIONAL
2017,Español,NATIVE_OR_BILINGUAL
2018,Inglés,LIMITED_WORKING
2019,Lenguajes de señas,LIMITED_WORKING
2020,Portugués,PROFESSIONAL_WORKING
2021,Inglés,PROFESSIONAL_WORKING
2022,Español,NATIVE_OR_BILINGUAL
2023,Inglés,FULL_PROFESSIONAL
2024,Español,NATIVE_OR_BILINGUAL
2025,Inglés,PROFESSIONAL_WORKING
2026,Aleman,PROFESSIONAL_WORKING
2027,Español,NATIVE_OR_BILINGUAL
2028,Ingles,NATIVE_OR_BILINGUAL
2029,Deutsch,PROFESSIONAL_WORKING
2030,English,PROFESSIONAL_WORKING
2031,Español,NATIVE_OR_BILINGUAL
2032,Español,NATIVE_OR_BILINGUAL
2033,Francés,LIMITED_WORKING
2034,Inglés,FULL_PROFESSIONAL
2035,Español,NATIVE_OR_BILINGUAL
2036,Inglés,PROFESSIONAL_WORKING
2037,Anglais,ELEMENTARY
2038,Espagnol,NATIVE_OR_BILINGUAL
2039,Francés,ELEMENTARY
2040,Anglais,PROFESSIONAL_WORKING
2041,Espagnol,NATIVE_OR_BILINGUAL
2042,Français,PROFESSIONAL_WORKING
2043,Alemán,ELEMENTARY
2044,Español,NATIVE_OR_BILINGUAL
2045,Inglés,FULL_PROFESSIONAL
2046,Inglés,ELEMENTARY
2047,Español,NATIVE_OR_BILINGUAL
2048,Inglés,PROFESSIONAL_WORKING
2049,English,PROFESSIONAL_WORKING
2050,Spanish,NATIVE_OR_BILINGUAL
2051,Inglés,None
2052,Español,NATIVE_OR_BILINGUAL
2053,Inglés,LIMITED_WORKING
2054,Español,NATIVE_OR_BILINGUAL
2055,Ingles,PROFESSIONAL_WORKING
2056,English,FULL_PROFESSIONAL
2057,Español,NATIVE_OR_BILINGUAL
2058,Alemán,LIMITED_WORKING
2059,Español,NATIVE_OR_BILINGUAL
2060,Ingles,PROFESSIONAL_WORKING
2061,Español,NATIVE_OR_BILINGUAL
2062,Ingles,LIMITED_WORKING
2063,English,FULL_PROFESSIONAL
2064,French,FULL_PROFESSIONAL
2065,Spanish,NATIVE_OR_BILINGUAL
2066,Español,FULL_PROFESSIONAL
2067,Ingles,FULL_PROFESSIONAL
2068,Deutsch,ELEMENTARY
2069,English,FULL_PROFESSIONAL
2070,Español,NATIVE_OR_BILINGUAL
2071,Русиики,ELEMENTARY
2072,Alemán,ELEMENTARY
2073,Español,NATIVE_OR_BILINGUAL
2074,Inglés,PROFESSIONAL_WORKING
2075,Inglés,PROFESSIONAL_WORKING
2076,Inglés,None
2077,Anglais,PROFESSIONAL_WORKING
2078,Espagnol,NATIVE_OR_BILINGUAL
2079,Français,FULL_PROFESSIONAL
2080,Portugais,ELEMENTARY
2081,French,None
2082,English,PROFESSIONAL_WORKING
2083,Español,NATIVE_OR_BILINGUAL
2084,Español,None
2085,Inglés,None
2086,French,LIMITED_WORKING
2087,Ingles,PROFESSIONAL_WORKING
2088,English,PROFESSIONAL_WORKING
2089,Spanish,NATIVE_OR_BILINGUAL
2090,Español,NATIVE_OR_BILINGUAL
2091,Francés,ELEMENTARY
2092,Inglés,FULL_PROFESSIONAL
2093,Inglés,PROFESSIONAL_WORKING
2094,Español,NATIVE_OR_BILINGUAL
2095,Inglés,FULL_PROFESSIONAL
2096,Japonés,ELEMENTARY
2097,Español,NATIVE_OR_BILINGUAL
2098,Inglés,ELEMENTARY
2099,Alemán,LIMITED_WORKING
2100,Coreano,LIMITED_WORKING
2101,Español,NATIVE_OR_BILINGUAL
2102,Inglés,FULL_PROFESSIONAL
2103,Español,NATIVE_OR_BILINGUAL
2104,Francés,PROFESSIONAL_WORKING
2105,Inglés,PROFESSIONAL_WORKING
2106,Español,NATIVE_OR_BILINGUAL
2107,Ingles,PROFESSIONAL_WORKING
2108,Alemán,LIMITED_WORKING
2109,Español,NATIVE_OR_BILINGUAL
2110,Inglés,PROFESSIONAL_WORKING
2111,Español,NATIVE_OR_BILINGUAL
2112,Inglés,FULL_PROFESSIONAL
2113,English,FULL_PROFESSIONAL
2114,Spanish,NATIVE_OR_BILINGUAL
2115,Español,NATIVE_OR_BILINGUAL
2116,Inglés,ELEMENTARY
2117,Portugués,PROFESSIONAL_WORKING
2118,Inglés,PROFESSIONAL_WORKING
2119,English,FULL_PROFESSIONAL
2120,German,ELEMENTARY
2121,Spanish,NATIVE_OR_BILINGUAL
2122,English,FULL_PROFESSIONAL
2123,Español,NATIVE_OR_BILINGUAL
2124,Inglés,FULL_PROFESSIONAL
2125,English,FULL_PROFESSIONAL
2126,Español,NATIVE_OR_BILINGUAL
2127,Inglés,PROFESSIONAL_WORKING
2128,English,PROFESSIONAL_WORKING
2129,Portuguese,ELEMENTARY
2130,Spanish,NATIVE_OR_BILINGUAL
2131,Español,NATIVE_OR_BILINGUAL
2132,Inglés,FULL_PROFESSIONAL
2133,Inglés,None
2134,Español,NATIVE_OR_BILINGUAL
2135,Inglés,PROFESSIONAL_WORKING
2136,Español,NATIVE_OR_BILINGUAL
2137,Inglés,None
2138,English,NATIVE_OR_BILINGUAL
2139,Portuguese,PROFESSIONAL_WORKING
2140,Spanish,NATIVE_OR_BILINGUAL
2141,Español,NATIVE_OR_BILINGUAL
2142,Francés,ELEMENTARY
2143,Inglés,FULL_PROFESSIONAL
2144,Español,NATIVE_OR_BILINGUAL
2145,Inglés,FULL_PROFESSIONAL
2146,Japonés,LIMITED_WORKING
2147,Alemán,LIMITED_WORKING
2148,Español,NATIVE_OR_BILINGUAL
2149,Inglés,FULL_PROFESSIONAL
2150,Español,NATIVE_OR_BILINGUAL
2151,Francés,LIMITED_WORKING
2152,Inglés,PROFESSIONAL_WORKING
2153,English,ELEMENTARY
2154,Español,NATIVE_OR_BILINGUAL
2155,Español,NATIVE_OR_BILINGUAL
2156,Inglés,FULL_PROFESSIONAL
2157,Español,NATIVE_OR_BILINGUAL
2158,Inglés,ELEMENTARY
2159,English,PROFESSIONAL_WORKING
2160,Spanish,NATIVE_OR_BILINGUAL
2161,English,PROFESSIONAL_WORKING
2162,German,PROFESSIONAL_WORKING
2163,Spanish,NATIVE_OR_BILINGUAL
2164,Alemán,PROFESSIONAL_WORKING
2165,Español,NATIVE_OR_BILINGUAL
2166,Inglés,PROFESSIONAL_WORKING
2167,English,NATIVE_OR_BILINGUAL
2168,Spanish,NATIVE_OR_BILINGUAL
2169,English,FULL_PROFESSIONAL
2170,German,ELEMENTARY
2171,Spanish,NATIVE_OR_BILINGUAL
2172,Alemán,PROFESSIONAL_WORKING
2173,Español,NATIVE_OR_BILINGUAL
2174,Inglés,None
2175,Ingles,NATIVE_OR_BILINGUAL
2176,Español,NATIVE_OR_BILINGUAL
2177,Francés,ELEMENTARY
2178,Inglés,FULL_PROFESSIONAL
2179,Español,NATIVE_OR_BILINGUAL
2180,Francés,FULL_PROFESSIONAL
2181,Inglés,FULL_PROFESSIONAL
2182,Alemán,LIMITED_WORKING
2183,Español,NATIVE_OR_BILINGUAL
2184,Inglés,FULL_PROFESSIONAL
2185,Español,NATIVE_OR_BILINGUAL
2186,Inglés,FULL_PROFESSIONAL
2187,Aleman,PROFESSIONAL_WORKING
2188,Español,NATIVE_OR_BILINGUAL
2189,Inglés,FULL_PROFESSIONAL
2190,English,NATIVE_OR_BILINGUAL
2191,French,NATIVE_OR_BILINGUAL
2192,German,LIMITED_WORKING
2193,Spanish,NATIVE_OR_BILINGUAL
2194,Alemán,ELEMENTARY
2195,Español,NATIVE_OR_BILINGUAL
2196,Francés,ELEMENTARY
2197,Inglés,PROFESSIONAL_WORKING
2198,English,NATIVE_OR_BILINGUAL
2199,German,PROFESSIONAL_WORKING
2200,Spanish,NATIVE_OR_BILINGUAL
2201,Español,None
2202,Inglés,None
2203,Español,NATIVE_OR_BILINGUAL
2204,Inglés,LIMITED_WORKING
2205,Español,None
2206,Inglés,None
2207,Español,NATIVE_OR_BILINGUAL
2208,Francés,LIMITED_WORKING
2209,Ingles,FULL_PROFESSIONAL
2210,"Bokmål, Noruego",LIMITED_WORKING
2211,Español,NATIVE_OR_BILINGUAL
2212,Inglés,PROFESSIONAL_WORKING
2213,Español,PROFESSIONAL_WORKING
2214,Inglés,PROFESSIONAL_WORKING
2215,Ruso,LIMITED_WORKING
2216,Alemán,PROFESSIONAL_WORKING
2217,Español,NATIVE_OR_BILINGUAL
2218,Inglés,FULL_PROFESSIONAL
2219,Español,NATIVE_OR_BILINGUAL
2220,Ingles,LIMITED_WORKING
2221,English,FULL_PROFESSIONAL
2222,French,FULL_PROFESSIONAL
2223,German,FULL_PROFESSIONAL
2224,Spanish,NATIVE_OR_BILINGUAL
2225,Inglés,FULL_PROFESSIONAL
2226,Francés,FULL_PROFESSIONAL
2227,Inglés,FULL_PROFESSIONAL
2228,Español,NATIVE_OR_BILINGUAL
2229,Inglés,FULL_PROFESSIONAL
2230,Español,NATIVE_OR_BILINGUAL
2231,Inglés,PROFESSIONAL_WORKING
2232,English,FULL_PROFESSIONAL
2233,French,PROFESSIONAL_WORKING
2234,Spanish,NATIVE_OR_BILINGUAL
2235,English,FULL_PROFESSIONAL
2236,German,ELEMENTARY
2237,Spanish,NATIVE_OR_BILINGUAL
2238,Español,NATIVE_OR_BILINGUAL
2239,Francés,FULL_PROFESSIONAL
2240,Inglés,PROFESSIONAL_WORKING
2241,Alemán,PROFESSIONAL_WORKING
2242,Español,NATIVE_OR_BILINGUAL
2243,Inglés,FULL_PROFESSIONAL
2244,Anglais,FULL_PROFESSIONAL
2245,Espagnol,NATIVE_OR_BILINGUAL
2246,Français,FULL_PROFESSIONAL
2247,Español,None
2248,Ingles,None
2249,Alemán,PROFESSIONAL_WORKING
2250,Inglés,PROFESSIONAL_WORKING
2251,English,FULL_PROFESSIONAL
2252,Spanish,NATIVE_OR_BILINGUAL
2253,Español,NATIVE_OR_BILINGUAL
2254,Inglés,PROFESSIONAL_WORKING
2255,Francés,FULL_PROFESSIONAL
2256,Portugués,ELEMENTARY
2257,Español,NATIVE_OR_BILINGUAL
2258,Inglés,FULL_PROFESSIONAL
2259,Inglés,FULL_PROFESSIONAL
2260,Inglés,PROFESSIONAL_WORKING
2261,Allemand,ELEMENTARY
2262,Anglais,FULL_PROFESSIONAL
2263,Espagnol,NATIVE_OR_BILINGUAL
2264,Français,NATIVE_OR_BILINGUAL
2265,Italian,LIMITED_WORKING
2266,Portuguese,LIMITED_WORKING
2267,English,NATIVE_OR_BILINGUAL
2268,French,PROFESSIONAL_WORKING
2269,German,ELEMENTARY
2270,Spanish,NATIVE_OR_BILINGUAL
2271,English,FULL_PROFESSIONAL
2272,Español,NATIVE_OR_BILINGUAL
2273,Anglais,LIMITED_WORKING
2274,Espagnol,NATIVE_OR_BILINGUAL
2275,Français,PROFESSIONAL_WORKING
2276,Español,NATIVE_OR_BILINGUAL
2277,Inglés,FULL_PROFESSIONAL
2278,Inglés,ELEMENTARY
2279,Inglés,PROFESSIONAL_WORKING
2280,Español,NATIVE_OR_BILINGUAL
2281,Francés,LIMITED_WORKING
2282,Inglés,NATIVE_OR_BILINGUAL
2283,Lenguajes de señas,LIMITED_WORKING
2284,Espanhol,NATIVE_OR_BILINGUAL
2285,Ingles,PROFESSIONAL_WORKING
2286,Portugues,FULL_PROFESSIONAL
2287,Ingles,PROFESSIONAL_WORKING
2288,Italiano,FULL_PROFESSIONAL
2289,Ingles,FULL_PROFESSIONAL
2290,Portugués,ELEMENTARY
2291,Español,NATIVE_OR_BILINGUAL
2292,Inglés,PROFESSIONAL_WORKING
2293,Italiano,PROFESSIONAL_WORKING
2294,Español,NATIVE_OR_BILINGUAL
2295,Inglés,PROFESSIONAL_WORKING
2296,English,LIMITED_WORKING
2297,Spanish,NATIVE_OR_BILINGUAL
2298,English,PROFESSIONAL_WORKING
2299,Spanish,NATIVE_OR_BILINGUAL
2300,Español,NATIVE_OR_BILINGUAL
2301,Inglés,PROFESSIONAL_WORKING
2302,Turco,ELEMENTARY
2303,Inglés,FULL_PROFESSIONAL
2304,Alemán,PROFESSIONAL_WORKING
2305,Español,NATIVE_OR_BILINGUAL
2306,Francés,LIMITED_WORKING
2307,Inglés,FULL_PROFESSIONAL
2308,Español,NATIVE_OR_BILINGUAL
2309,Francés,ELEMENTARY
2310,Ingles,PROFESSIONAL_WORKING
2311,Portugués,FULL_PROFESSIONAL
2312,Deutsch,FULL_PROFESSIONAL
2313,Englisch,NATIVE_OR_BILINGUAL
2314,Portugiesisch,ELEMENTARY
2315,Spanisch,NATIVE_OR_BILINGUAL
2316,Español,NATIVE_OR_BILINGUAL
2317,Inglés,PROFESSIONAL_WORKING
2318,Italiano,PROFESSIONAL_WORKING
2319,Español,NATIVE_OR_BILINGUAL
2320,Ingles,PROFESSIONAL_WORKING
2321,Español,NATIVE_OR_BILINGUAL
2322,Inglés,FULL_PROFESSIONAL
2323,Español,NATIVE_OR_BILINGUAL
2324,Francés,PROFESSIONAL_WORKING
2325,ingles,PROFESSIONAL_WORKING
2326,English,None
2327,Español,None
2328,Inglés,None
2329,Francés,None
2330,Inglés,None
2331,Alemán,None
2332,Inglés,None
2333,Español,NATIVE_OR_BILINGUAL
2334,Inglés,PROFESSIONAL_WORKING
2335,Alemán,ELEMENTARY
2336,Español,NATIVE_OR_BILINGUAL
2337,Francés,FULL_PROFESSIONAL
2338,Inglés,PROFESSIONAL_WORKING
2339,Portugués,LIMITED_WORKING
2340,English,PROFESSIONAL_WORKING
2341,German,LIMITED_WORKING
2342,Spanish,NATIVE_OR_BILINGUAL
2343,Deutsch,FULL_PROFESSIONAL
2344,Englisch,FULL_PROFESSIONAL
2345,Französisch,LIMITED_WORKING
2346,Portugiesisch,ELEMENTARY
2347,Spanisch,NATIVE_OR_BILINGUAL
2348,Español,NATIVE_OR_BILINGUAL
2349,Inglés,FULL_PROFESSIONAL
2350,Ingles,None
2351,English,PROFESSIONAL_WORKING
2352,Español,NATIVE_OR_BILINGUAL
2353,Francés,LIMITED_WORKING
2354,Inglés,NATIVE_OR_BILINGUAL
2355,English,FULL_PROFESSIONAL
2356,Spanish,NATIVE_OR_BILINGUAL
2357,Español,NATIVE_OR_BILINGUAL
2358,Inglés,FULL_PROFESSIONAL
2359,Italiano,LIMITED_WORKING
2360,Español,NATIVE_OR_BILINGUAL
2361,Inglés,PROFESSIONAL_WORKING
2362,Español,NATIVE_OR_BILINGUAL
2363,ingles,PROFESSIONAL_WORKING
2364,Inglés,PROFESSIONAL_WORKING
2365,Japonés,ELEMENTARY
2366,English,FULL_PROFESSIONAL
2367,Español,NATIVE_OR_BILINGUAL
2368,Inglés,PROFESSIONAL_WORKING
2369,Italiano,ELEMENTARY
2370,English,FULL_PROFESSIONAL
2371,Spanish,NATIVE_OR_BILINGUAL
2372,Español,NATIVE_OR_BILINGUAL
2373,Francés,PROFESSIONAL_WORKING
2374,Inglés,FULL_PROFESSIONAL
2375,Español,NATIVE_OR_BILINGUAL
2376,Inglés,PROFESSIONAL_WORKING
2377,Español,None
2378,Ingles-B2,None
2379,Español,NATIVE_OR_BILINGUAL
2380,Inglés,ELEMENTARY
2381,Alemán,ELEMENTARY
2382,Inglés,FULL_PROFESSIONAL
2383,Alemán,ELEMENTARY
2384,Inglés,FULL_PROFESSIONAL
2385,Español,NATIVE_OR_BILINGUAL
2386,Francés,FULL_PROFESSIONAL
2387,Inglés,PROFESSIONAL_WORKING
2388,Portugués,FULL_PROFESSIONAL
2389,Español,NATIVE_OR_BILINGUAL
2390,Francés,ELEMENTARY
2391,Ingles,LIMITED_WORKING
2392,Español,NATIVE_OR_BILINGUAL
2393,Inglés,PROFESSIONAL_WORKING
2394,Alemán,PROFESSIONAL_WORKING
2395,Español,NATIVE_OR_BILINGUAL
2396,Inglés,FULL_PROFESSIONAL
2397,English,PROFESSIONAL_WORKING
2398,Italian,PROFESSIONAL_WORKING
2399,Portuguese,PROFESSIONAL_WORKING
2400,Spanish,NATIVE_OR_BILINGUAL
2401,English,FULL_PROFESSIONAL
2402,Portuguese,PROFESSIONAL_WORKING
2403,Español,NATIVE_OR_BILINGUAL
2404,Inglés,PROFESSIONAL_WORKING
2405,Portugués,LIMITED_WORKING
2406,Español,NATIVE_OR_BILINGUAL
2407,Inglés,PROFESSIONAL_WORKING
2408,Italiano,NATIVE_OR_BILINGUAL
2409,Inglés,PROFESSIONAL_WORKING
2410,Español,NATIVE_OR_BILINGUAL
2411,Inglés,PROFESSIONAL_WORKING
2412,Italiano,ELEMENTARY
2413,Español,NATIVE_OR_BILINGUAL
2414,Inglés,FULL_PROFESSIONAL
2415,Español,NATIVE_OR_BILINGUAL
2416,Francés,LIMITED_WORKING
2417,Inglés,PROFESSIONAL_WORKING
2418,Italiano,PROFESSIONAL_WORKING
2419,Portugués,PROFESSIONAL_WORKING
2420,Inglés,NATIVE_OR_BILINGUAL
2421,Deutsch,PROFESSIONAL_WORKING
2422,Englisch,FULL_PROFESSIONAL
2423,Spanisch,NATIVE_OR_BILINGUAL
2424,Deutsch,PROFESSIONAL_WORKING
2425,English,NATIVE_OR_BILINGUAL
2426,French,LIMITED_WORKING
2427,Spanish,NATIVE_OR_BILINGUAL
2428,Español,NATIVE_OR_BILINGUAL
2429,Ingles,LIMITED_WORKING
2430,Español,None
2431,Inglés,None
2432,Español,NATIVE_OR_BILINGUAL
2433,Inglés,FULL_PROFESSIONAL
2434,Español,NATIVE_OR_BILINGUAL
2435,Inglés,None
2436,Inglés,PROFESSIONAL_WORKING
2437,Alemán,ELEMENTARY
2438,Español,NATIVE_OR_BILINGUAL
2439,Inglés,PROFESSIONAL_WORKING
2440,Japonés,ELEMENTARY
2441,Alemán,ELEMENTARY
2442,Español,NATIVE_OR_BILINGUAL
2443,Inglés,FULL_PROFESSIONAL
2444,Español,NATIVE_OR_BILINGUAL
2445,Inglés,PROFESSIONAL_WORKING
2446,Alemán,ELEMENTARY
2447,Español,NATIVE_OR_BILINGUAL
2448,Inglés,PROFESSIONAL_WORKING
2449,Francés,ELEMENTARY
2450,Inglés,NATIVE_OR_BILINGUAL
2451,Español,NATIVE_OR_BILINGUAL
2452,Francés,PROFESSIONAL_WORKING
2453,Inglés,FULL_PROFESSIONAL
2454,Español,NATIVE_OR_BILINGUAL
2455,Inglés,LIMITED_WORKING
2456,Lenguajes de señas,LIMITED_WORKING
2457,Portugués,PROFESSIONAL_WORKING
2458,English,PROFESSIONAL_WORKING
2459,Spanish,NATIVE_OR_BILINGUAL
2460,English,None
2461,Alemán,ELEMENTARY
2462,Inglés,PROFESSIONAL_WORKING
2463,Italiano,PROFESSIONAL_WORKING
2464,English,NATIVE_OR_BILINGUAL
2465,German,LIMITED_WORKING
2466,Spanish,NATIVE_OR_BILINGUAL
2467,English,NATIVE_OR_BILINGUAL
2468,French,LIMITED_WORKING
2469,Portuguese,NATIVE_OR_BILINGUAL
2470,Spanish,NATIVE_OR_BILINGUAL
2471,Dutch,ELEMENTARY
2472,English,PROFESSIONAL_WORKING
2473,German,LIMITED_WORKING
2474,Spanish,NATIVE_OR_BILINGUAL
2475,English,FULL_PROFESSIONAL
2476,German,PROFESSIONAL_WORKING
2477,Spanish,NATIVE_OR_BILINGUAL
2478,Francés,NATIVE_OR_BILINGUAL
2479,Inglés,FULL_PROFESSIONAL
2480,English,LIMITED_WORKING
2481,Spanish,NATIVE_OR_BILINGUAL
2482,English,PROFESSIONAL_WORKING
2483,Español,NATIVE_OR_BILINGUAL
2484,Alemán,None
2485,Español,None
2486,Inglés,None
2487,Español,NATIVE_OR_BILINGUAL
2488,Francés,LIMITED_WORKING
2489,Inglés,PROFESSIONAL_WORKING
2490,Inglés,FULL_PROFESSIONAL
2491,Portuguese,ELEMENTARY
2492,Spanish,NATIVE_OR_BILINGUAL
2493,Español,NATIVE_OR_BILINGUAL
2494,Ingles,FULL_PROFESSIONAL
2495,Alemán,ELEMENTARY
2496,Español,NATIVE_OR_BILINGUAL
2497,Francés,NATIVE_OR_BILINGUAL
2498,Inglés,FULL_PROFESSIONAL
2499,Español,NATIVE_OR_BILINGUAL
2500,Ingles,PROFESSIONAL_WORKING
2501,Español,NATIVE_OR_BILINGUAL
2502,Inglés,PROFESSIONAL_WORKING
2503,English,FULL_PROFESSIONAL
2504,Italian ,ELEMENTARY
2505,Spanish,NATIVE_OR_BILINGUAL
2506,English,FULL_PROFESSIONAL
2507,French,LIMITED_WORKING
2508,German,LIMITED_WORKING
2509,Spanish,NATIVE_OR_BILINGUAL
2510,Alemán,LIMITED_WORKING
2511,English,FULL_PROFESSIONAL
2512,French,PROFESSIONAL_WORKING
2513,Italian,LIMITED_WORKING
2514,Spanish,NATIVE_OR_BILINGUAL
2515,Alemán,LIMITED_WORKING
2516,Español,NATIVE_OR_BILINGUAL
2517,Inglés,PROFESSIONAL_WORKING
2518,Alemán,None
2519,Español,None
2520,Inglés,None
2521,Inglés,PROFESSIONAL_WORKING
2522,Alemán,FULL_PROFESSIONAL
2523,Español,NATIVE_OR_BILINGUAL
2524,Inglés,FULL_PROFESSIONAL
2525,Alemán,None
2526,Inglés,None
2527,Alemán,ELEMENTARY
2528,Español,NATIVE_OR_BILINGUAL
2529,Francés,NATIVE_OR_BILINGUAL
2530,Inglés,FULL_PROFESSIONAL
2531,Español,NATIVE_OR_BILINGUAL
2532,Inglés,PROFESSIONAL_WORKING
2533,Español,NATIVE_OR_BILINGUAL
2534,Francés,ELEMENTARY
2535,Inglés,FULL_PROFESSIONAL
2536,Español,NATIVE_OR_BILINGUAL
2537,Inglés,LIMITED_WORKING
2538,Español,NATIVE_OR_BILINGUAL
2539,Inglés,FULL_PROFESSIONAL
2540,Alemán,ELEMENTARY
2541,Español,NATIVE_OR_BILINGUAL
2542,Inglés,PROFESSIONAL_WORKING
2543,English ,PROFESSIONAL_WORKING
2544,German,PROFESSIONAL_WORKING
2545,Spanish ,NATIVE_OR_BILINGUAL
2546,Español,NATIVE_OR_BILINGUAL
2547,Inglés,PROFESSIONAL_WORKING
2548,Portugués,FULL_PROFESSIONAL
2549,Español,NATIVE_OR_BILINGUAL
2550,Inglés,LIMITED_WORKING
2551,Inglés,PROFESSIONAL_WORKING
2552,Español,None
2553,Inglés,PROFESSIONAL_WORKING
2554,Portugués,None
2555,English,PROFESSIONAL_WORKING
2556,German,LIMITED_WORKING
2557,Spanish,NATIVE_OR_BILINGUAL
2558,English,NATIVE_OR_BILINGUAL
2559,German,ELEMENTARY
2560,Greek,ELEMENTARY
2561,Spanish,NATIVE_OR_BILINGUAL
2562,Español,NATIVE_OR_BILINGUAL
2563,Inglés,FULL_PROFESSIONAL
2564,English,PROFESSIONAL_WORKING
2565,French,FULL_PROFESSIONAL
2566,Spanish,NATIVE_OR_BILINGUAL
2567,English,NATIVE_OR_BILINGUAL
2568,French,PROFESSIONAL_WORKING
2569,German,LIMITED_WORKING
2570,Spanish,NATIVE_OR_BILINGUAL
2571,English,PROFESSIONAL_WORKING
2572,Mandarin Chinese,LIMITED_WORKING
2573,Spanish,NATIVE_OR_BILINGUAL
2574,Español,NATIVE_OR_BILINGUAL
2575,Ingles,FULL_PROFESSIONAL
2576,English,PROFESSIONAL_WORKING
2577,Spanish,NATIVE_OR_BILINGUAL
2578,English,PROFESSIONAL_WORKING
2579,German,ELEMENTARY
2580,Spanish,NATIVE_OR_BILINGUAL
2581,english,FULL_PROFESSIONAL
2582,french,NATIVE_OR_BILINGUAL
2583,spanish,NATIVE_OR_BILINGUAL
2584,Español,NATIVE_OR_BILINGUAL
2585,Inglés,PROFESSIONAL_WORKING
2586,Inglés,PROFESSIONAL_WORKING
2587,Portugués,ELEMENTARY
2588,English,PROFESSIONAL_WORKING
2589,German,LIMITED_WORKING
2590,Spanish,NATIVE_OR_BILINGUAL
2591,Alemán,ELEMENTARY
2592,Francés,ELEMENTARY
2593,Inglés,NATIVE_OR_BILINGUAL
2594,Italiano,PROFESSIONAL_WORKING
2595,Czech,PROFESSIONAL_WORKING
2596,English,FULL_PROFESSIONAL
2597,German,LIMITED_WORKING
2598,Spanish,NATIVE_OR_BILINGUAL
2599,Inglés,None
2600,Italiano,None
2601,Español,NATIVE_OR_BILINGUAL
2602,Inglés,PROFESSIONAL_WORKING
2603,Español,NATIVE_OR_BILINGUAL
2604,Inglés,FULL_PROFESSIONAL
2605,English,NATIVE_OR_BILINGUAL
2606,Italian,NATIVE_OR_BILINGUAL
2607,Spanish,NATIVE_OR_BILINGUAL
2608,Espagnol,NATIVE_OR_BILINGUAL
2609,Francés,PROFESSIONAL_WORKING
2610,Inglés,FULL_PROFESSIONAL
2611,Español,NATIVE_OR_BILINGUAL
2612,Inglés,FULL_PROFESSIONAL
2613,Inglés,PROFESSIONAL_WORKING
2614,Inglés,None
2615,Español,NATIVE_OR_BILINGUAL
2616,Inglés,FULL_PROFESSIONAL
2617,Alemán,PROFESSIONAL_WORKING
2618,Inglés,NATIVE_OR_BILINGUAL
2619,Español,NATIVE_OR_BILINGUAL
2620,Inglés,FULL_PROFESSIONAL
2621,Italiano,FULL_PROFESSIONAL
2622,English,None
2623,Spanish,None
2624,Inglés,PROFESSIONAL_WORKING
2625,Español,NATIVE_OR_BILINGUAL
2626,Ingles,PROFESSIONAL_WORKING
2627,Español,None
2628,Inglés,PROFESSIONAL_WORKING
2629,Español,NATIVE_OR_BILINGUAL
2630,Inglés,FULL_PROFESSIONAL
2631,Ingles,FULL_PROFESSIONAL
2632,Español,NATIVE_OR_BILINGUAL
2633,Inglés,FULL_PROFESSIONAL
2634,Portugués,FULL_PROFESSIONAL
2635,Inglés,FULL_PROFESSIONAL
2636,Italiano,ELEMENTARY
2637,Spanish,NATIVE_OR_BILINGUAL
2638,Español,NATIVE_OR_BILINGUAL
2639,Inglés,PROFESSIONAL_WORKING
2640,Español,NATIVE_OR_BILINGUAL
2641,Ingles,PROFESSIONAL_WORKING
2642,Español,NATIVE_OR_BILINGUAL
2643,Inglés,PROFESSIONAL_WORKING
2644,English,PROFESSIONAL_WORKING
2645,French,LIMITED_WORKING
2646, English,PROFESSIONAL_WORKING
2647, Japanese,ELEMENTARY
2648,Alemán,LIMITED_WORKING
2649,Español,NATIVE_OR_BILINGUAL
2650,Inglés,NATIVE_OR_BILINGUAL
2651,Inglés,PROFESSIONAL_WORKING
2652,Portugués,ELEMENTARY
2653,Español,NATIVE_OR_BILINGUAL
2654,Inglés,PROFESSIONAL_WORKING
2655,English,FULL_PROFESSIONAL
2656,Español,None
2657,Inglés,None
2658,Español,NATIVE_OR_BILINGUAL
2659,Inglés,LIMITED_WORKING
2660,English,FULL_PROFESSIONAL
2661,French,PROFESSIONAL_WORKING
2662,German,FULL_PROFESSIONAL
2663,Spanish,NATIVE_OR_BILINGUAL
2664,Español,None
2665,Inglés,FULL_PROFESSIONAL
2666,Inglés,FULL_PROFESSIONAL
2667,English,LIMITED_WORKING
2668,German,ELEMENTARY
2669,Spanish,NATIVE_OR_BILINGUAL
2670,Español,NATIVE_OR_BILINGUAL
2671,Inglés,FULL_PROFESSIONAL
2672,Inglés,ELEMENTARY
2673,Español,NATIVE_OR_BILINGUAL
2674,Ingles,PROFESSIONAL_WORKING
2675,Español,NATIVE_OR_BILINGUAL
2676,Francés,ELEMENTARY
2677,Inglés,LIMITED_WORKING
2678,Inglés,PROFESSIONAL_WORKING
2679,Japonés,ELEMENTARY
2680,Spanish,NATIVE_OR_BILINGUAL
2681,Inglés,LIMITED_WORKING
2682,English,FULL_PROFESSIONAL
2683,French,LIMITED_WORKING
2684,Spanish,NATIVE_OR_BILINGUAL
2685,Español,NATIVE_OR_BILINGUAL
2686,Inglés,PROFESSIONAL_WORKING
2687,Inglés,PROFESSIONAL_WORKING
2688,Portugués,ELEMENTARY
2689,English,PROFESSIONAL_WORKING
2690,Japanese,LIMITED_WORKING
2691,Spanish,NATIVE_OR_BILINGUAL
2692,English,None
2693,Spanish,None
2694,English,FULL_PROFESSIONAL
2695,German,ELEMENTARY
2696,Spanish,NATIVE_OR_BILINGUAL
2697,English,FULL_PROFESSIONAL
2698,Spanish,NATIVE_OR_BILINGUAL
2699,English,NATIVE_OR_BILINGUAL
2700,German,PROFESSIONAL_WORKING
2701,Spanish,NATIVE_OR_BILINGUAL
2702,English,PROFESSIONAL_WORKING
2703,French,FULL_PROFESSIONAL
2704,Spanish,NATIVE_OR_BILINGUAL
2705,Aleman,ELEMENTARY
2706,Español,NATIVE_OR_BILINGUAL
2707,Inglés,FULL_PROFESSIONAL
2708,Español,NATIVE_OR_BILINGUAL
2709,Inglés,FULL_PROFESSIONAL
2710,Español,NATIVE_OR_BILINGUAL
2711,Ingles,PROFESSIONAL_WORKING
2712,Español,NATIVE_OR_BILINGUAL
2713,Francés - DELF B2 (2015),LIMITED_WORKING
2714,Inglés - IELTS 6.5 (2022),PROFESSIONAL_WORKING
2715,Inglés,PROFESSIONAL_WORKING
2716,Inglés,FULL_PROFESSIONAL
2717,Español,NATIVE_OR_BILINGUAL
2718,Inglés,PROFESSIONAL_WORKING
2719,Inglés,None
2720,Alemán,ELEMENTARY
2721,Español,NATIVE_OR_BILINGUAL
2722,Inglés,PROFESSIONAL_WORKING
2723,Español,NATIVE_OR_BILINGUAL
2724,Inglés,NATIVE_OR_BILINGUAL
2725,Alemán,NATIVE_OR_BILINGUAL
2726,Español,NATIVE_OR_BILINGUAL
2727,Inglés,NATIVE_OR_BILINGUAL
2728,English,FULL_PROFESSIONAL
2729,French,PROFESSIONAL_WORKING
2730,Spanish,NATIVE_OR_BILINGUAL
2731,Francés,None
2732,Inglés,None
2733,Portugués,None
2734,Español,None
2735,Inglés,None
2736,Inglés,NATIVE_OR_BILINGUAL
2737,English,FULL_PROFESSIONAL
2738,Francés,None
2739,Francés,ELEMENTARY
2740,Inglés,FULL_PROFESSIONAL
2741,Español,NATIVE_OR_BILINGUAL
2742,Inglés,PROFESSIONAL_WORKING
2743,Alemán,LIMITED_WORKING
2744,Español,NATIVE_OR_BILINGUAL
2745,Inglés,FULL_PROFESSIONAL
2746,Español,NATIVE_OR_BILINGUAL
2747,Inglés,PROFESSIONAL_WORKING
2748,Deutsch,PROFESSIONAL_WORKING
2749,English,FULL_PROFESSIONAL
2750,Español,NATIVE_OR_BILINGUAL
2751,English,NATIVE_OR_BILINGUAL
2752,Español,NATIVE_OR_BILINGUAL
2753,Japonés,LIMITED_WORKING
2754,English,LIMITED_WORKING
2755,German,ELEMENTARY
2756,English,NATIVE_OR_BILINGUAL
2757,French,FULL_PROFESSIONAL
2758,Spanish,NATIVE_OR_BILINGUAL
2759,Español,NATIVE_OR_BILINGUAL
2760,Inglés,FULL_PROFESSIONAL
2761,Español,NATIVE_OR_BILINGUAL
2762,Inglés,PROFESSIONAL_WORKING
2763,Portugués,PROFESSIONAL_WORKING
2764,Español,NATIVE_OR_BILINGUAL
2765,Ingles,FULL_PROFESSIONAL
2766,Ingles,PROFESSIONAL_WORKING
2767,Inglés,ELEMENTARY
2768,Español,NATIVE_OR_BILINGUAL
2769,Ingles,PROFESSIONAL_WORKING
2770,Español,NATIVE_OR_BILINGUAL
2771,Ingles,PROFESSIONAL_WORKING
2772,Español,NATIVE_OR_BILINGUAL
2773,Ingles,ELEMENTARY
2774,Inglés,PROFESSIONAL_WORKING
2775,Español,NATIVE_OR_BILINGUAL
2776,Inglés,FULL_PROFESSIONAL
2777,Latín,LIMITED_WORKING
2778,Español,NATIVE_OR_BILINGUAL
2779,Inglés,PROFESSIONAL_WORKING
2780,English,LIMITED_WORKING
2781,Spanish,NATIVE_OR_BILINGUAL
2782,Francés,PROFESSIONAL_WORKING
2783,Alemán,PROFESSIONAL_WORKING
2784,Español,NATIVE_OR_BILINGUAL
2785,Francés,PROFESSIONAL_WORKING
2786,Inglés,NATIVE_OR_BILINGUAL
2787,Japonés,LIMITED_WORKING
2788,Español,NATIVE_OR_BILINGUAL
2789,Francés,PROFESSIONAL_WORKING
2790,Inglés,FULL_PROFESSIONAL
2791,Inglés,LIMITED_WORKING
2792,English,FULL_PROFESSIONAL
2793,Spanish,NATIVE_OR_BILINGUAL
2794,English,FULL_PROFESSIONAL
2795,German,PROFESSIONAL_WORKING
2796,Spanish,NATIVE_OR_BILINGUAL
2797,English,FULL_PROFESSIONAL
2798,Spanish,NATIVE_OR_BILINGUAL
2799,Español,NATIVE_OR_BILINGUAL
2800,Ingles,FULL_PROFESSIONAL
2801,Portugués,PROFESSIONAL_WORKING
2802,Español,NATIVE_OR_BILINGUAL
2803,Inglés,PROFESSIONAL_WORKING
2804,Portugués,LIMITED_WORKING
2805,Español,NATIVE_OR_BILINGUAL
2806,Inglés,FULL_PROFESSIONAL
2807,Portugués,FULL_PROFESSIONAL
2808,Español,None
2809,Inglés,None
2810,English,FULL_PROFESSIONAL
2811,Spanish,NATIVE_OR_BILINGUAL
2812,Español,NATIVE_OR_BILINGUAL
2813,Francés,FULL_PROFESSIONAL
2814,Inglés,PROFESSIONAL_WORKING
2815,Alemán,LIMITED_WORKING
2816,Inglés,FULL_PROFESSIONAL
2817,Español,NATIVE_OR_BILINGUAL
2818,Francés,FULL_PROFESSIONAL
2819,Inglés,PROFESSIONAL_WORKING
2820,Inglés,PROFESSIONAL_WORKING
2821,Spanish,NATIVE_OR_BILINGUAL
2822,English,NATIVE_OR_BILINGUAL
2823,French,LIMITED_WORKING
2824,Italiano,PROFESSIONAL_WORKING
2825,Portuguese,LIMITED_WORKING
2826,Spanish,NATIVE_OR_BILINGUAL
2827,Alemán,LIMITED_WORKING
2828,Inglés,FULL_PROFESSIONAL
2829,Deutsch,PROFESSIONAL_WORKING
2830,Englisch,PROFESSIONAL_WORKING
2831,Spanisch,NATIVE_OR_BILINGUAL
2832,English,NATIVE_OR_BILINGUAL
2833,German,ELEMENTARY
2834,Portuguese,PROFESSIONAL_WORKING
2835,Spanish,NATIVE_OR_BILINGUAL
2836,Español,NATIVE_OR_BILINGUAL
2837,Inglés,PROFESSIONAL_WORKING
2838,English,PROFESSIONAL_WORKING
2839,Spanish,NATIVE_OR_BILINGUAL
2840,Francés,LIMITED_WORKING
2841,Inglés,FULL_PROFESSIONAL
2842,Español,NATIVE_OR_BILINGUAL
2843,Inglés,PROFESSIONAL_WORKING
2844,Portugués,PROFESSIONAL_WORKING
2845,Alemán,FULL_PROFESSIONAL
2846,Español,NATIVE_OR_BILINGUAL
2847,Inglés,FULL_PROFESSIONAL
2848,Portugués,PROFESSIONAL_WORKING
2849,Deutsch,FULL_PROFESSIONAL
2850,Español,NATIVE_OR_BILINGUAL
2851,Inglés,FULL_PROFESSIONAL
2852,"Bokmål, Norwegian",LIMITED_WORKING
2853,English,PROFESSIONAL_WORKING
2854,German,ELEMENTARY
2855,Spanish,NATIVE_OR_BILINGUAL
2856,Swedish,ELEMENTARY
2857,Alemán,LIMITED_WORKING
2858,Francés,ELEMENTARY
2859,Inglés,NATIVE_OR_BILINGUAL
2860,Italiano,ELEMENTARY
2861,Español,NATIVE_OR_BILINGUAL
2862,Inglés,PROFESSIONAL_WORKING
2863,Español,NATIVE_OR_BILINGUAL
2864,Inglés,FULL_PROFESSIONAL
2865,Espanhol,NATIVE_OR_BILINGUAL
2866,Português,PROFESSIONAL_WORKING
2867,ingles,PROFESSIONAL_WORKING
2868,Español,NATIVE_OR_BILINGUAL
2869,Inglés,FULL_PROFESSIONAL
2870,Español,NATIVE_OR_BILINGUAL
2871,Inglés,PROFESSIONAL_WORKING
2872,English,PROFESSIONAL_WORKING
2873,French,PROFESSIONAL_WORKING
2874,Spanish,NATIVE_OR_BILINGUAL
2875,Inglés,FULL_PROFESSIONAL
2876,Alemán,LIMITED_WORKING
2877,Ingles,FULL_PROFESSIONAL
2878,Italian,ELEMENTARY
2879,Anglais,FULL_PROFESSIONAL
2880,Espagnol,NATIVE_OR_BILINGUAL
2881,Français,FULL_PROFESSIONAL
2882,English,PROFESSIONAL_WORKING
2883,French,FULL_PROFESSIONAL
2884,Spanish,NATIVE_OR_BILINGUAL
2885,English,NATIVE_OR_BILINGUAL
2886,French,LIMITED_WORKING
2887,Spanish,NATIVE_OR_BILINGUAL
2888,Español,None
2889,Inglés,PROFESSIONAL_WORKING
2890,Inglés,PROFESSIONAL_WORKING
2891,Español,None
2892,Inglés,None
2893,Español,NATIVE_OR_BILINGUAL
2894,INGLES,PROFESSIONAL_WORKING
2895,Alemán,PROFESSIONAL_WORKING
2896,Español,NATIVE_OR_BILINGUAL
2897,Inglés,NATIVE_OR_BILINGUAL
2898,Español,NATIVE_OR_BILINGUAL
2899,Francés,FULL_PROFESSIONAL
2900,Inglés,FULL_PROFESSIONAL
2901,Español,None
2902,Inglés,PROFESSIONAL_WORKING
2903,Inglés,LIMITED_WORKING
2904,Portugués,PROFESSIONAL_WORKING
2905,English,FULL_PROFESSIONAL
2906,French,LIMITED_WORKING
2907,Japanese,ELEMENTARY
2908,Portuguese,FULL_PROFESSIONAL
2909,Spanish,NATIVE_OR_BILINGUAL
2910,Alemán,LIMITED_WORKING
2911,Español,NATIVE_OR_BILINGUAL
2912,Ingles,FULL_PROFESSIONAL
2913,Español,NATIVE_OR_BILINGUAL
2914,Inglés,PROFESSIONAL_WORKING
2915,Español,NATIVE_OR_BILINGUAL
2916,Inglés,FULL_PROFESSIONAL
2917,Español,NATIVE_OR_BILINGUAL
2918,Francés,LIMITED_WORKING
2919,Inglés,PROFESSIONAL_WORKING
2920,Español,NATIVE_OR_BILINGUAL
2921,Inglés,LIMITED_WORKING
2922,Inglés,None
2923,"Inglés, LTC Eastbourne (UK)",PROFESSIONAL_WORKING
2924,Alemán,LIMITED_WORKING
2925,Inglés,FULL_PROFESSIONAL
2926,Alemán,ELEMENTARY
2927,Inglés,FULL_PROFESSIONAL
2928,Francés,NATIVE_OR_BILINGUAL
2929,Inglés,FULL_PROFESSIONAL
2930,Español,NATIVE_OR_BILINGUAL
2931,Inglés,PROFESSIONAL_WORKING
2932,Inglés,None
2933,Aleman,ELEMENTARY
2934,Ingles,PROFESSIONAL_WORKING
2935,Español,NATIVE_OR_BILINGUAL
2936,Inglés,FULL_PROFESSIONAL
2937,English,FULL_PROFESSIONAL
2938,Portuguese,FULL_PROFESSIONAL
2939,Spanish,NATIVE_OR_BILINGUAL
2940,Español,NATIVE_OR_BILINGUAL
2941,ingles,FULL_PROFESSIONAL
2942,English,FULL_PROFESSIONAL
2943,Spanish,NATIVE_OR_BILINGUAL
2944,English,PROFESSIONAL_WORKING
2945,Español,NATIVE_OR_BILINGUAL
2946,Español,None
2947,Ingles,None
2948,Español,NATIVE_OR_BILINGUAL
2949,Inglés,FULL_PROFESSIONAL
2950,Español,NATIVE_OR_BILINGUAL
2951,Inglés,FULL_PROFESSIONAL
2952,English,PROFESSIONAL_WORKING
2953,Español,NATIVE_OR_BILINGUAL
2954,Español,NATIVE_OR_BILINGUAL
2955,Inglés,PROFESSIONAL_WORKING
2956,Anglais,FULL_PROFESSIONAL
2957,Espagnol,NATIVE_OR_BILINGUAL
2958,Français,FULL_PROFESSIONAL
2959,Inglés,NATIVE_OR_BILINGUAL
2960,Español,NATIVE_OR_BILINGUAL
2961,Francés,PROFESSIONAL_WORKING
2962,Inglés,PROFESSIONAL_WORKING
2963,Anglais,PROFESSIONAL_WORKING
2964,Espagnol,NATIVE_OR_BILINGUAL
2965,Français,PROFESSIONAL_WORKING
2966,Español,NATIVE_OR_BILINGUAL
2967,Francés,FULL_PROFESSIONAL
2968,Inglés,LIMITED_WORKING
2969,English,FULL_PROFESSIONAL
2970,French,NATIVE_OR_BILINGUAL
2971,German,ELEMENTARY
2972,Spanish,NATIVE_OR_BILINGUAL
2973,Español,NATIVE_OR_BILINGUAL
2974,Francés,ELEMENTARY
2975,Inglés,LIMITED_WORKING
2976,Inglés,PROFESSIONAL_WORKING
2977,Español,None
2978,Inglés,None
2979,Inglés,ELEMENTARY
2980,English,FULL_PROFESSIONAL
2981,German,PROFESSIONAL_WORKING
2982,Spanish,NATIVE_OR_BILINGUAL
2983,Español,None
2984,Ingles,None
2985,Español,NATIVE_OR_BILINGUAL
2986,Francés,LIMITED_WORKING
2987,Inglés,PROFESSIONAL_WORKING
2988,Italiano,FULL_PROFESSIONAL
2989,Deutsch,PROFESSIONAL_WORKING
2990,Español,NATIVE_OR_BILINGUAL
2991,Inglés,PROFESSIONAL_WORKING
2992,Español,NATIVE_OR_BILINGUAL
2993,Ingles,PROFESSIONAL_WORKING
2994,Español,None
2995,Inglés,None
2996,Anglais,FULL_PROFESSIONAL
2997,Espagnol,NATIVE_OR_BILINGUAL
2998,Français,FULL_PROFESSIONAL
2999,Alemán,LIMITED_WORKING
3000,Español,NATIVE_OR_BILINGUAL
3001,Inglés,FULL_PROFESSIONAL
3002,English,ELEMENTARY
3003,German,ELEMENTARY
3004,Italian,LIMITED_WORKING
3005,Spanish,NATIVE_OR_BILINGUAL
3006,Aleman,FULL_PROFESSIONAL
3007,Español,NATIVE_OR_BILINGUAL
3008,Ingles,PROFESSIONAL_WORKING
3009,Español,NATIVE_OR_BILINGUAL
3010,Inglés,NATIVE_OR_BILINGUAL
3011,Portugués,PROFESSIONAL_WORKING
3012,Inglés,FULL_PROFESSIONAL
3013,Español,None
3014,Inglés,None
3015,Catalan,LIMITED_WORKING
3016,Español,NATIVE_OR_BILINGUAL
3017,Inglés,FULL_PROFESSIONAL
3018,Inglés,FULL_PROFESSIONAL
3019,Español,None
3020,Francés,None
3021,Inglés,None
3022,Inglés,FULL_PROFESSIONAL
3023,Aleman,PROFESSIONAL_WORKING
3024,Ingles,FULL_PROFESSIONAL
3025,Deutsch,NATIVE_OR_BILINGUAL
3026,Englisch,FULL_PROFESSIONAL
3027,Französisch,ELEMENTARY
3028,Spanisch,NATIVE_OR_BILINGUAL
3029,Español,NATIVE_OR_BILINGUAL
3030,Francés,FULL_PROFESSIONAL
3031,Ingles,PROFESSIONAL_WORKING
3032,Español,NATIVE_OR_BILINGUAL
3033,Inglés,PROFESSIONAL_WORKING
3034,Anglais,PROFESSIONAL_WORKING
3035,Espagnol,NATIVE_OR_BILINGUAL
3036,Français,FULL_PROFESSIONAL
3037,Inglés,FULL_PROFESSIONAL
3038,English,None
3039,Español,NATIVE_OR_BILINGUAL
3040,Inglés,PROFESSIONAL_WORKING
3041,Portugués,ELEMENTARY
3042,Español,NATIVE_OR_BILINGUAL
3043,Inglés,PROFESSIONAL_WORKING
3044,Inglés,FULL_PROFESSIONAL
3045,Inglés,NATIVE_OR_BILINGUAL
3046,Japonés,FULL_PROFESSIONAL
3047,Coreano,ELEMENTARY
3048,Español,NATIVE_OR_BILINGUAL
3049,Francés,ELEMENTARY
3050,Ingles,FULL_PROFESSIONAL
3051,Inglés,None
3052,Inglés,FULL_PROFESSIONAL
3053,Spanish,NATIVE_OR_BILINGUAL
3054,English,FULL_PROFESSIONAL
3055,French,LIMITED_WORKING
3056,German,NATIVE_OR_BILINGUAL
3057,Spanish,NATIVE_OR_BILINGUAL
3058,Español,None
3059,Inglés,None
3060,English,FULL_PROFESSIONAL
3061,Portuguese,LIMITED_WORKING
3062,Spanish,NATIVE_OR_BILINGUAL
3063,Alemán,ELEMENTARY
3064,Español,NATIVE_OR_BILINGUAL
3065,Inglés,FULL_PROFESSIONAL
3066,Español,NATIVE_OR_BILINGUAL
3067,Inglés,PROFESSIONAL_WORKING
3068,Español,NATIVE_OR_BILINGUAL
3069,Francés,FULL_PROFESSIONAL
3070,Inglés,FULL_PROFESSIONAL
3071,Alemán,PROFESSIONAL_WORKING
3072,Español,NATIVE_OR_BILINGUAL
3073,Inglés,FULL_PROFESSIONAL
3074,Inglés,PROFESSIONAL_WORKING
3075,Español,None
3076,Español,NATIVE_OR_BILINGUAL
3077,Inglés,PROFESSIONAL_WORKING
3078,English,NATIVE_OR_BILINGUAL
3079,French,LIMITED_WORKING
3080,Spanish,NATIVE_OR_BILINGUAL
3081,Español,NATIVE_OR_BILINGUAL
3082,Inglés,PROFESSIONAL_WORKING
3083,Alemán,PROFESSIONAL_WORKING
3084,Español,NATIVE_OR_BILINGUAL
3085,Francés,LIMITED_WORKING
3086,Inglés,FULL_PROFESSIONAL
3087,Francés,PROFESSIONAL_WORKING
3088,Inglés,PROFESSIONAL_WORKING
3089,English,FULL_PROFESSIONAL
3090,German,PROFESSIONAL_WORKING
3091,Spanish,NATIVE_OR_BILINGUAL
3092,Español,NATIVE_OR_BILINGUAL
3093,Ingles,ELEMENTARY
3094,Italiano,ELEMENTARY
3095,English,FULL_PROFESSIONAL
3096,German,ELEMENTARY
3097,Spanish,NATIVE_OR_BILINGUAL
3098,Castellano,NATIVE_OR_BILINGUAL
3099,Catalan,ELEMENTARY
3100,ingles,PROFESSIONAL_WORKING
3101,English,LIMITED_WORKING
3102,Español,NATIVE_OR_BILINGUAL
3103,Inglés,PROFESSIONAL_WORKING
3104,Alemán,ELEMENTARY
3105,Español,NATIVE_OR_BILINGUAL
3106,Inglés,FULL_PROFESSIONAL
3107,Alemán,LIMITED_WORKING
3108,Español,NATIVE_OR_BILINGUAL
3109,Inglés,FULL_PROFESSIONAL
3110,Portugués,PROFESSIONAL_WORKING
3111,Español,NATIVE_OR_BILINGUAL
3112,Inglés,PROFESSIONAL_WORKING
3113,Español,NATIVE_OR_BILINGUAL
3114,Inglés,NATIVE_OR_BILINGUAL
3115,Japonés,LIMITED_WORKING
3116,English,PROFESSIONAL_WORKING
3117,German,LIMITED_WORKING
3118,Spanish,NATIVE_OR_BILINGUAL
3119,English,FULL_PROFESSIONAL
3120,Español,NATIVE_OR_BILINGUAL
3121,Inglés,FULL_PROFESSIONAL
3122,Japonés,LIMITED_WORKING
3123,Español,NATIVE_OR_BILINGUAL
3124,Francés,ELEMENTARY
3125,inglés,PROFESSIONAL_WORKING
3126,Español,NATIVE_OR_BILINGUAL
3127,Francés,ELEMENTARY
3128,Inglés,FULL_PROFESSIONAL
3129,English,FULL_PROFESSIONAL
3130,French,LIMITED_WORKING
3131,German,FULL_PROFESSIONAL
3132,Italian,FULL_PROFESSIONAL
3133,Spanish,NATIVE_OR_BILINGUAL
3134,Español,NATIVE_OR_BILINGUAL
3135,Inglés,FULL_PROFESSIONAL
3136,Portuguese,LIMITED_WORKING
3137,Español,None
3138,Francés,None
3139,Inglés,None
3140,Ingles,None
3141,español,ELEMENTARY
3142,Alemán,LIMITED_WORKING
3143,Inglés,PROFESSIONAL_WORKING
3144,Inglés,FULL_PROFESSIONAL
3145,Portuguese,ELEMENTARY
3146,Spanish,NATIVE_OR_BILINGUAL
3147,Español,NATIVE_OR_BILINGUAL
3148,Inglés,FULL_PROFESSIONAL
3149,Portugués,PROFESSIONAL_WORKING
3150,Español,NATIVE_OR_BILINGUAL
3151,Inglés,FULL_PROFESSIONAL
3152,Portugués,PROFESSIONAL_WORKING
3153,Español,NATIVE_OR_BILINGUAL
3154,Francés,PROFESSIONAL_WORKING
3155,Inglés,PROFESSIONAL_WORKING
3156,Inglés,NATIVE_OR_BILINGUAL
3157,Deutsch,FULL_PROFESSIONAL
3158,Englisch,FULL_PROFESSIONAL
3159,Französisch,FULL_PROFESSIONAL
3160,Italian,ELEMENTARY
3161,Portugiesisch,LIMITED_WORKING
3162,Spanisch,NATIVE_OR_BILINGUAL
3163,Español,NATIVE_OR_BILINGUAL
3164,Ingles,PROFESSIONAL_WORKING
3165,Español,NATIVE_OR_BILINGUAL
3166,Francés,FULL_PROFESSIONAL
3167,Ingles,NATIVE_OR_BILINGUAL
3168,English,PROFESSIONAL_WORKING
3169,German,PROFESSIONAL_WORKING
3170,Spanish,NATIVE_OR_BILINGUAL
3171,English,PROFESSIONAL_WORKING
3172,Spanish,NATIVE_OR_BILINGUAL
3173,Español,NATIVE_OR_BILINGUAL
3174,Inglés,ELEMENTARY
3175,Inglés,PROFESSIONAL_WORKING
3176,Portugués,ELEMENTARY
3177,Español,NATIVE_OR_BILINGUAL
3178,Francés,LIMITED_WORKING
3179,Inglés,PROFESSIONAL_WORKING
3180,Español,NATIVE_OR_BILINGUAL
3181,Francés,FULL_PROFESSIONAL
3182,Inglés,FULL_PROFESSIONAL
3183,Español,NATIVE_OR_BILINGUAL
3184,Italiano,LIMITED_WORKING
3185,Alemán,ELEMENTARY
3186,Español,NATIVE_OR_BILINGUAL
3187,Frances ,PROFESSIONAL_WORKING
3188,Ingles,FULL_PROFESSIONAL
3189,Español,NATIVE_OR_BILINGUAL
3190,Inglés,PROFESSIONAL_WORKING
3191,Español,NATIVE_OR_BILINGUAL
3192,Inglés,FULL_PROFESSIONAL
3193,Portugués,PROFESSIONAL_WORKING
3194,Español,NATIVE_OR_BILINGUAL
3195,Inglés,PROFESSIONAL_WORKING
